inf-norm-min-adv-dist;inf-norm-PGD-dist;inf-norm-sec-att-dist;inf-norm-Clever-5-samples;inf-norm-Clever-20-samples;inf-norm-Clever-100-samples;inf-norm-Clever-1024-samples;2-norm-min-adv-dist;2-norm-PGD-dist;2-norm-sec-att-dist;2-norm-Clever-5-samples;2-norm-Clever-20-samples;2-norm-Clever-100-samples;2-norm-Clever-1024-samples;1-norm-min-adv-dist;1-norm-PGD-dist;1-norm-sec-att-dist;1-norm-Clever-5-samples;1-norm-Clever-20-samples;1-norm-Clever-100-samples;1-norm-Clever-1024-samples
0.0;0.0;0.0;0,0003;0,0003;0,0003;0,0003;0,0000;0,0000;0,0000;0,0437;0,0012;0,0358;0,0004;0,0000;0,0000;0,0000;0,0062;0,0010;0,0066;0,0048
0.0;0.0;0.0;0,0019;0,0018;0,0016;0,0018;0,0000;0,0000;0,0000;0,0018;0,0008;0,0008;0,0016;0,0000;0,0000;0,0000;0,4581;0,0255;0,3828;0,0083
0.0;0.0;0.0;0,0007;0,0007;0,0006;0,0006;0,0000;0,0000;0,0000;0,0021;0,0560;0,0569;0,0225;0,0000;0,0000;0,0000;0,0115;0,0005;0,0103;0,0031
0.0;0.0;0.0;0,0001;0,0001;0,0001;0,0001;0,0000;0,0000;0,0000;0,0003;0,0097;0,0025;0,0106;0,0000;0,0000;0,0000;0,1145;0,0098;0,0731;0,0023
0.0;0.0;0.0;0,0012;0,0012;0,0012;0,0012;0,0000;0,0000;0,0000;0,0233;0,0017;0,0012;0,0004;0,0000;0,0000;0,0000;0,0021;0,0037;0,0184;0,0007
0.0;0.0;0.0;0,0026;0,0023;0,0020;0,0020;0,0000;0,0000;0,0000;0,0322;0,0290;0,0292;0,0235;0,0000;0,0000;0,0000;0,0044;0,0051;0,1662;0,0017
0.0;0.0;0.0;0,0008;0,0008;0,0008;0,0007;0,0000;0,0000;0,0000;0,0171;0,0057;0,0005;0,0014;0,0000;0,0000;0,0000;0,0015;0,0089;0,0023;0,0012
0.0;0.0;0.0;0,0019;0,0017;0,0014;0,0014;0,0000;0,0000;0,0000;0,0032;0,0034;0,0035;0,0007;0,0000;0,0000;0,0000;0,0016;0,0054;0,0004;0,0029
0.0;0.0;0.0;0,0009;0,0009;0,0008;0,0008;0,0000;0,0000;0,0000;0,0063;0,0013;0,0138;0,0555;0,0000;0,0000;0,0000;0,0010;0,0048;0,0020;0,1103
0.0;0.0;0.0;0,0014;0,0013;0,0013;0,0012;0,0000;0,0000;0,0000;0,0011;0,0014;0,0025;0,0026;0,0000;0,0000;0,0000;0,1408;0,1352;0,1086;0,0036
0.0;0.0;0.0;0,0012;0,0012;0,0011;0,0010;0,0000;0,0000;0,0000;0,0018;0,0472;0,0444;0,0064;0,0000;0,0000;0,0000;0,0030;0,0012;0,0009;0,0197
0.0;0.0;0.0;0,0024;0,0020;0,0020;0,0020;0,0000;0,0000;0,0000;0,1139;0,0724;0,0709;0,0703;0,0000;0,0000;0,0000;0,4453;0,0062;0,0071;0,0025
0.0;0.0;0.0;0,0004;0,0004;0,0004;0,0004;0,0000;0,0000;0,0000;0,0456;0,0435;0,0021;0,0301;0,0000;0,0000;0,0000;0,0047;0,0024;0,0032;0,0009
0.0;0.0;0.0;0,0017;0,0017;0,0016;0,0016;0,0000;0,0000;0,0000;0,0076;0,0323;0,0009;0,0230;0,0000;0,0000;0,0000;0,0013;0,0159;0,0027;0,0032
0.0;0.0;0.0;0,0015;0,0013;0,0014;0,0012;0,0000;0,0000;0,0000;0,0726;0,0745;0,0739;0,0589;0,0000;0,0000;0,0000;0,0016;0,0071;0,0033;0,1406
0.0;0.0;0.0;0,0008;0,0009;0,0008;0,0008;0,0000;0,0000;0,0000;0,0078;0,0016;0,0033;0,0051;0,0000;0,0000;0,0000;0,0050;0,0021;0,0032;0,1685
0.0;0.0;0.0;0,0031;0,0031;0,0028;0,0027;0,0000;0,0000;0,0000;0,0029;0,0005;0,0041;0,0031;0,0000;0,0000;0,0000;0,0024;0,0023;0,0024;0,0006
0.0;0.0;0.0;0,0007;0,0007;0,0006;0,0006;0,0000;0,0000;0,0000;0,0548;0,0463;0,0459;0,0356;0,0000;0,0000;0,0000;0,0011;0,0019;0,1159;0,1445
0.0;0.0;0.0;0,0278;0,0303;0,0068;0,0199;0,0000;0,0000;0,0000;0,0037;0,0013;0,0026;0,0034;0,0000;0,0000;0,0000;7,5705;7,7434;6,1761;5,5480
0.0;0.0;0.0;0,0006;0,0006;0,0006;0,0005;0,0000;0,0000;0,0000;1,1564;1,0615;0,0041;0,0299;0,0000;0,0000;0,0000;0,0046;0,0008;0,0015;0,0058
0.00030000507831573486;0.00030000507831573486;0.002057313919067383;0,0002;0,0002;0,0002;0,0001;0,0062;0,0100;0,0062;0,0047;0,0027;0,0047;0,0013;0,0441;0,2000;0,0441;0,0008;0,0023;0,0013;0,0021
0.0006000101566314697;0.0006000101566314697;0.005589308217167854;0,0006;0,0005;0,0005;0,0005;0,0121;0,0150;0,0121;0,0011;0,0024;0,0010;0,0014;0,1062;0,5999;0,1062;0,0007;0,0001;0,0003;0,0016
0.0006000101566314697;0.0006000101566314697;0.0031555891036987305;0,0003;0,0003;0,0003;0,0003;0,0130;0,0150;0,0130;0,0149;0,0064;0,0134;0,0130;0,1525;0,5998;0,1525;0,0033;0,0011;0,0004;0,0016
0.0006000101566314697;0.0006000101566314697;0.005114257335662842;0,0004;0,0004;0,0004;0,0004;0,0174;0,0200;0,0174;0,0012;0,0184;0,0158;0,0135;0,2420;0,7997;0,2420;0,0026;0,0015;0,0021;0,0006
0.0006000101566314697;0.0006000101566314697;0.0036762356758117676;0,0005;0,0004;0,0004;0,0004;0,0192;0,0250;0,0192;0,0151;0,0009;0,0142;0,0131;0,3288;0,9996;0,3288;0,0069;0,0020;0,0008;0,0013
0.0009000152349472046;0.0009000152349472046;0.0064379870891571045;0,0008;0,0007;0,0007;0,0007;0,0273;0,0300;0,0273;0,0058;0,0257;0,0241;0,0023;0,3610;0,9995;0,3610;0,0023;0,0322;0,0655;0,0054
0.0009001493453979492;0.0009001493453979492;0.0068679749965667725;0,0009;0,0010;0,0009;0,0009;0,0281;0,0300;0,0281;0,0275;0,0020;0,0031;0,0015;0,4303;0,9997;0,4303;0,0013;0,0005;0,0069;0,0032
0.0012001991271972656;0.0012001991271972656;0.007799334824085236;0,0011;0,0010;0,0011;0,0010;0,0365;0,0399;0,0365;0,0029;0,0019;0,0049;0,0113;0,4702;1,3967;0,4702;0,0024;0,0018;0,0005;0,0026
0.0012001991271972656;0.0012001991271972656;0.008626624941825867;0,0011;0,0010;0,0009;0,0009;0,0388;0,0400;0,0388;0,0386;0,0002;0,0289;0,0354;0,5380;1,9961;0,5380;0,0029;0,0026;0,0058;0,0010
0.001499950885772705;0.001499950885772705;0.007668435573577881;0,0015;0,0015;0,0014;0,0010;0,0419;0,0449;0,0419;0,0042;0,0336;0,0007;0,0043;0,5776;1,3987;0,5776;0,0005;0,0027;0,0047;0,1558
0.0015000253915786743;0.0015000253915786743;0.007109552621841431;0,0012;0,0012;0,0010;0,0009;0,0425;0,0450;0,0425;0,0358;0,0010;0,0293;0,0289;0,6015;2,3739;0,6015;0,2281;0,0033;0,1807;0,0018
0.0015000253915786743;0.0015000253915786743;0.007509142160415649;0,0011;0,0010;0,0010;0,0010;0,0445;0,0445;0,0519;0,0264;0,0213;0,0227;0,0215;0,7347;2,7724;0,7347;0,0063;0,0088;0,0014;0,0036
0.0015000253915786743;0.0015000253915786743;0.007701769471168518;0,0010;0,0010;0,0009;0,0009;0,0450;0,0499;0,0450;0,0579;0,0475;0,0406;0,0337;0,7407;2,5902;0,7407;0,3511;0,0041;0,3250;0,2359
0.0015000253915786743;0.0015000253915786743;0.007231295108795166;0,0008;0,0008;0,0008;0,0007;0,0522;0,0549;0,0522;0,0584;0,0488;0,0057;0,0015;0,7512;2,3846;0,7512;0,0024;0,0180;0,2497;0,0032
0.0015000253915786743;0.0015000253915786743;0.008735239505767822;0,0016;0,0015;0,0014;0,0012;0,0546;0,0546;0,0554;0,0601;0,0553;0,0014;0,0468;0,7653;2,3899;0,7653;0,0014;0,0035;0,0019;0,0057
0.0018000304698944092;0.0018000304698944092;0.014586776494979858;0,0019;0,0019;0,0015;0,0014;0,0548;0,0548;0,0554;0,0027;0,0030;0,0009;0,0334;0,7697;1,5974;0,7697;0,0029;0,0013;0,0022;0,0031
0.0018000304698944092;0.0018000304698944092;0.01049681007862091;0,0024;0,0019;0,0016;0,0015;0,0572;0,0599;0,0572;0,0031;0,0014;0,0025;0,0463;0,7968;2,5890;0,7968;0,0006;0,0025;0,0012;0,0033
0.0018000304698944092;0.0018000304698944092;0.009134829044342041;0,0018;0,0017;0,0016;0,0015;0,0580;0,0646;0,0580;0,0613;0,0462;0,0436;0,0418;0,8803;2,1936;0,8803;0,3112;0,0079;0,0010;0,0029
0.0018000304698944092;0.0018000304698944092;0.010564565658569336;0,0016;0,0013;0,0012;0,0012;0,0597;0,0597;0,0648;0,0066;0,0636;0,0556;0,0007;0,8853;2,1323;0,8853;0,0082;0,0033;0,0022;0,0013
0.0018000304698944092;0.0018000304698944092;0.008752375841140747;0,0018;0,0014;0,0014;0,0013;0,0612;0,0647;0,0612;0,0647;0,0587;0,0553;0,0520;0,9075;1,3983;0,9075;0,0014;0,0005;0,0031;0,0008
0.0018000304698944092;0.0018000304698944092;0.011941105127334595;0,0014;0,0014;0,0013;0,0012;0,0619;0,0632;0,0619;0,0722;0,0616;0,0603;0,0532;0,9315;1,5801;0,9315;0,2032;0,1824;0,0017;0,1146
0.0018002986907958984;0.0018002986907958984;0.00933268666267395;0,0017;0,0016;0,0015;0,0015;0,0625;0,0646;0,0625;0,0497;0,0028;0,0407;0,0388;0,9328;2,3944;0,9328;0,0006;0,0014;0,1477;0,0005
0.002100035548210144;0.002100035548210144;0.010297119617462158;0,0018;0,0016;0,0015;0,0015;0,0648;0,0695;0,0648;0,0012;0,0055;0,0070;0,0047;0,9583;2,8816;0,9583;0,0009;0,0049;0,0006;0,0035
0.002100035548210144;0.002100035548210144;0.012174218893051147;0,0020;0,0020;0,0017;0,0017;0,0653;0,0698;0,0653;0,0786;0,0012;0,0524;0,0495;0,9928;1,9879;0,9928;0,0013;0,0048;0,0060;0,0018
0.002100035548210144;0.002100035548210144;0.011296063661575317;0,0019;0,0017;0,0016;0,0016;0,0665;0,0694;0,0665;0,0021;0,0087;0,0581;0,0574;1,0078;2,3950;1,0078;0,0046;0,0018;0,0028;0,0040
0.002100035548210144;0.002100035548210144;0.011292785406112671;0,0018;0,0015;0,0014;0,0014;0,0668;0,0695;0,0668;0,0582;0,0629;0,0528;0,0520;1,0097;1,9801;1,0097;0,0111;0,0023;0,0110;0,1858
0.002100035548210144;0.002100035548210144;0.012482941150665283;0,0014;0,0014;0,0013;0,0013;0,0675;0,0693;0,0675;0,0872;0,0618;0,0559;0,0494;1,0129;1,5989;1,0129;0,0020;0,0036;0,0048;0,0016
0.002100035548210144;0.002100035548210144;0.010981947183609009;0,0021;0,0021;0,0017;0,0018;0,0686;0,0697;0,0686;0,0023;0,0638;0,0046;0,0082;1,1184;1,9927;1,1184;0,0129;0,0101;0,0038;0,0056
0.002100035548210144;0.002100035548210144;0.009828433394432068;0,0015;0,0016;0,0015;0,0014;0,0693;0,0696;0,0693;0,0659;0,0605;0,0577;0,0514;1,1411;2,9670;1,1411;0,0093;0,0022;0,0165;0,0013
0.002100035548210144;0.002100035548210144;0.012011632323265076;0,0017;0,0016;0,0015;0,0015;0,0697;0,0697;0,0729;0,0540;0,0523;0,0491;0,0473;1,2041;2,3913;1,2041;0,0089;0,0086;0,0061;0,0044
0.002100035548210144;0.002100035548210144;0.011990070343017578;0,0017;0,0016;0,0014;0,0013;0,0697;0,0697;0,0724;0,0533;0,0501;0,0521;0,0466;1,2254;2,5929;1,2254;0,0074;0,0046;0,0025;0,0013
0.002100035548210144;0.002100035548210144;0.011752814054489136;0,0027;0,0024;0,0020;0,0014;0,0708;0,0745;0,0708;0,0704;0,0004;0,0602;0,0019;1,2255;2,1896;1,2255;0,2736;0,2557;0,0086;0,0128
0.002100348472595215;0.002100348472595215;0.014038920402526855;0,0014;0,0014;0,0014;0,0012;0,0728;0,0742;0,0728;0,0685;0,0516;0,0514;0,0482;1,2283;2,6972;1,2283;0,0142;0,0015;0,0043;0,0011
0.002400040626525879;0.002400040626525879;0.02472248673439026;0,0032;0,0033;0,0020;0,0018;0,0728;0,0784;0,0728;0,0088;0,0101;0,0021;0,0731;1,2499;8,4641;1,2499;0,0055;0,0027;0,0016;0,0010
0.002400040626525879;0.002400040626525879;0.013190880417823792;0,0034;0,0026;0,0024;0,0023;0,0747;0,0747;0,0843;0,0026;0,0028;0,0014;0,0007;1,2503;5,2837;1,2503;0,0132;0,0094;0,0089;0,0027
0.002400040626525879;0.002400040626525879;0.013222336769104004;0,0021;0,0019;0,0017;0,0018;0,0761;0,0797;0,0761;0,0662;0,0669;0,0587;0,0008;1,2630;2,5852;1,2630;0,0064;0,0056;0,0030;0,2794
0.002400040626525879;0.002400040626525879;0.011472553014755249;0,0022;0,0021;0,0019;0,0019;0,0764;0,0794;0,0764;0,0799;0,0717;0,0675;0,0634;1,2949;4,0591;1,2949;0,0094;0,0043;0,0030;0,0035
0.002400040626525879;0.002400040626525879;0.010997503995895386;0,0021;0,0020;0,0018;0,0018;0,0777;0,0777;0,1017;0,0508;0,0485;0,0437;0,0429;1,3043;2,3513;1,3043;0,0090;0,0022;0,0014;0,0032
0.002400040626525879;0.002400040626525879;0.015773966908454895;0,0024;0,0022;0,0022;0,0020;0,0793;0,0793;0,0806;0,0030;0,0788;0,0742;0,0022;1,3195;3,1522;1,3195;0,0081;0,0004;0,0027;0,0079
0.002400040626525879;0.002400040626525879;0.010444670915603638;0,0016;0,0014;0,0014;0,0013;0,0800;0,0839;0,0800;0,1121;0,0797;0,0552;0,0514;1,3447;2,7751;1,3447;0,0084;0,0018;0,0048;0,0008
0.002400040626525879;0.002400040626525879;0.014961987733840942;0,0020;0,0020;0,0018;0,0017;0,0825;0,0848;0,0825;0,0105;0,0022;0,0621;0,0576;1,3715;4,1034;1,3715;0,0087;0,0039;0,0015;0,0007
0.002400040626525879;0.002400040626525879;0.015408694744110107;0,0037;0,0028;0,0022;0,0022;0,0826;0,0826;0,0862;0,2067;0,1155;0,0033;0,0676;1,3818;3,3709;1,3818;0,0050;0,0127;0,0009;0,0031
0.002400040626525879;0.002400040626525879;0.014416694641113281;0,0015;0,0014;0,0014;0,0013;0,0831;0,0846;0,0831;0,0802;0,0686;0,0662;0,0191;1,4268;2,5908;1,4268;0,0030;0,0016;0,0028;0,0023
0.0027000457048416138;0.0027000457048416138;0.013687610626220703;0,0022;0,0017;0,0019;0,0017;0,0836;0,0836;0,0875;0,0821;0,0704;0,0479;0,0478;1,5650;2,5861;1,5650;0,0039;0,0048;0,0015;0,0042
0.0027000457048416138;0.0027000457048416138;0.024633288383483887;0,0039;0,0030;0,0031;0,0025;0,0846;0,0846;0,0936;0,0735;0,0759;0,0680;0,0668;1,5755;2,3850;1,5755;0,0050;0,0017;0,3247;0,0006
0.0027000457048416138;0.0027000457048416138;0.013680964708328247;0,0029;0,0025;0,0024;0,0024;0,0847;0,0847;0,0864;0,0820;0,0018;0,0017;0,0679;1,6179;3,1851;1,6179;0,6956;0,5443;0,0024;0,0046
0.0027000457048416138;0.0027000457048416138;0.013465091586112976;0,0024;0,0015;0,0014;0,0013;0,0854;0,0895;0,0854;0,0803;0,0800;0,0662;0,0648;1,6767;3,5543;1,6767;0,0017;0,0021;0,0031;0,0024
0.0027004480361938477;0.0027004480361938477;0.03798200190067291;0,0110;0,0080;0,0039;0,0044;0,0862;0,0862;0,0862;0,1309;0,1188;0,0618;0,0560;1,7171;3,1916;1,7171;0,0147;0,0074;0,0080;0,0011
0.0027004480361938477;0.0027004480361938477;0.042183637619018555;0,0030;0,0027;0,0026;0,0025;0,0881;0,0892;0,0881;0,0013;0,0023;0,0032;0,0010;1,7356;3,1877;1,7356;0,0039;0,0026;0,0025;0,0007
0.0030000507831573486;0.0030000507831573486;0.011924117803573608;0,0027;0,0023;0,0023;0,0022;0,0887;0,0937;0,0887;0,0013;0,0018;0,0698;0,0661;1,7538;2,9295;1,7538;0,0011;0,0008;0,0025;0,0008
0.0030000507831573486;0.0030000507831573486;0.015122175216674805;0,0036;0,0025;0,0021;0,0020;0,0895;0,0895;0,0956;0,0104;0,0029;0,0015;0,0020;1,7765;3,1925;1,7765;0,0087;0,0363;0,0029;0,0011
0.0030000507831573486;0.0030000507831573486;0.018684566020965576;0,0022;0,0020;0,0020;0,0019;0,0939;0,0939;0,1004;0,0917;0,0643;0,0014;0,0592;1,8508;5,8233;1,8508;2,4251;0,0108;0,0183;0,6836
0.0030000507831573486;0.0030000507831573486;0.011674687266349792;0,0028;0,0030;0,0024;0,0025;0,0968;0,0968;0,0971;0,0220;0,0071;0,0076;0,0071;1,8828;2,7337;1,8828;0,0022;0,0010;0,0062;0,0037
0.0030000507831573486;0.0030000507831573486;0.019035935401916504;0,0029;0,0025;0,0024;0,0022;0,0987;0,0991;0,0987;0,1020;0,0806;0,0714;0,0689;1,9009;3,7254;1,9009;0,7823;0,0461;0,0177;0,0163
0.003000497817993164;0.003000497817993164;0.016210973262786865;0,0035;0,0021;0,0023;0,0018;0,1005;0,1076;0,1005;0,0013;0,1174;0,0007;0,0881;1,9168;2,7825;1,9168;0,0233;0,0024;0,0024;0,0004
0.003000497817993164;0.003000497817993164;0.01855243742465973;0,0023;0,0024;0,0020;0,0019;0,1007;0,1214;0,1007;0,1695;0,1296;0,0370;0,0034;1,9612;4,0900;1,9612;0,0205;0,0124;0,0015;0,0238
0.003000497817993164;0.003000497817993164;0.014351963996887207;0,0026;0,0025;0,0024;0,0023;0,1017;0,1086;0,1017;0,0953;0,0739;0,0650;0,0664;1,9983;3,3922;1,9983;0,0224;0,0019;0,0015;0,0056
0.003000497817993164;0.003000497817993164;0.01914268732070923;0,0029;0,0031;0,0020;0,0018;0,1021;0,1169;0,1021;0,1417;0,1064;0,0653;0,0582;2,0228;3,3841;2,0228;0,0048;0,0692;0,0069;0,0066
0.0033000558614730835;0.0033000558614730835;0.011606916785240173;0,0023;0,0021;0,0019;0,0018;0,1035;0,1035;0,1157;0,0010;0,0908;0,0013;0,0026;2,0401;4,1770;2,0401;0,0029;0,0042;0,1128;0,0061
0.0033000558614730835;0.0033000558614730835;0.01374131441116333;0,0024;0,0023;0,0022;0,0021;0,1040;0,1040;0,1232;0,0013;0,0026;0,0011;0,0023;2,0708;3,9897;2,0708;0,0044;0,0137;0,0050;0,0049
0.0033000558614730835;0.0033000558614730835;0.018975377082824707;0,0029;0,0026;0,0025;0,0024;0,1043;0,1043;0,1242;0,0102;0,0024;0,0022;0,0027;2,1048;2,5801;2,1048;0,0114;0,0122;0,0007;0,0087
0.0033000558614730835;0.0033000558614730835;0.015511691570281982;0,0038;0,0032;0,0025;0,0021;0,1086;0,1086;0,1106;0,0022;0,0026;0,0071;0,0983;2,1328;4,7131;2,1328;0,0093;0,0003;0,0041;0,0021
0.0033000558614730835;0.0033000558614730835;0.012559965252876282;0,0021;0,0020;0,0019;0,0019;0,1088;0,1152;0,1088;0,0047;0,0014;0,1032;0,0752;2,1578;2,9916;2,1578;0,0012;0,0054;0,0070;0,0655
0.0033000558614730835;0.0033000558614730835;0.015485703945159912;0,0055;0,0045;0,0037;0,0030;0,1094;0,1094;0,1095;0,0008;0,0010;0,0012;0,0021;2,1705;6,5601;2,1705;1,2301;0,0146;0,7070;0,0066
0.0033005475997924805;0.0033005475997924805;0.015728116035461426;0,0035;0,0029;0,0027;0,0026;0,1095;0,1095;0,1121;0,0930;0,0983;0,0911;0,0918;2,1828;3,5710;2,1828;0,0022;0,0007;0,0042;0,0022
0.0033005475997924805;0.0033005475997924805;0.01870959997177124;0,0030;0,0043;0,0032;0,0029;0,1121;0,1171;0,1121;0,1096;0,0781;0,0784;0,0722;2,2129;6,9142;2,2129;4,4877;0,0122;0,0097;0,0026
0.0036000609397888184;0.0036000609397888184;0.013304948806762695;0,0032;0,0027;0,0025;0,0025;0,1139;0,1139;0,1420;0,0017;0,0866;0,0848;0,0778;2,2672;4,0290;2,2672;0,0108;0,0080;0,0017;0,0023
0.0036000609397888184;0.0036000609397888184;0.018677666783332825;0,0031;0,0032;0,0022;0,0019;0,1142;0,1181;0,1142;0,0050;0,0035;0,0011;0,0085;2,2827;4,0407;2,2827;1,7516;0,0099;0,0026;0,0036
0.0036000609397888184;0.0036000609397888184;0.014280512928962708;0,0032;0,0031;0,0030;0,0026;0,1142;0,1142;0,1328;0,0102;0,0044;0,0015;0,0114;2,3107;4,9259;2,3107;0,0236;0,0129;0,0071;0,0002
0.0036000609397888184;0.0036000609397888184;0.016775965690612793;0,0060;0,0036;0,0029;0,0025;0,1183;0,1211;0,1183;0,0066;0,0022;0,0029;0,0690;2,3680;3,7426;2,3680;0,0024;0,5072;0,4461;0,0244
0.0036000609397888184;0.0036000609397888184;0.01690804958343506;0,0030;0,0029;0,0028;0,0027;0,1190;0,1190;0,1269;0,0023;0,0020;0,0031;0,0006;2,4016;2,7822;2,4016;0,0039;0,0032;0,0017;0,0044
0.0036000609397888184;0.0036000609397888184;0.012663662433624268;0,0027;0,0024;0,0024;0,0023;0,1193;0,1193;0,1332;0,0053;0,0015;0,0016;0,0234;2,4069;4,5005;2,4069;0,0048;0,0014;0,0009;0,0031
0.0039000660181045532;0.0039000660181045532;0.01396217942237854;0,0044;0,0027;0,0019;0,0016;0,1194;0,1194;0,1289;0,0040;0,1057;0,0050;0,0950;2,4332;5,6745;2,4332;3,6059;0,0047;0,0019;0,0025
0.0039000660181045532;0.0039000660181045532;0.019917696714401245;0,0038;0,0036;0,0030;0,0028;0,1225;0,1561;0,1225;0,0037;0,0061;0,0006;0,0049;2,4606;5,8021;2,4606;0,0036;2,6161;0,0069;0,0039
0.0039000660181045532;0.0039000660181045532;0.01851719617843628;0,0051;0,0045;0,0038;0,0035;0,1238;0,1361;0,1238;0,0007;0,0014;0,0018;0,0012;2,4637;5,0995;2,4637;2,1351;1,7239;0,0017;0,0043
0.0039000660181045532;0.0039000660181045532;0.018491297960281372;0,0035;0,0035;0,0031;0,0029;0,1245;0,1245;0,1595;0,0030;0,0007;0,0009;0,0007;2,5206;5,7394;2,5206;0,0078;1,4568;0,1831;0,0068
0.0039000660181045532;0.0039000660181045532;0.01663750410079956;0,0032;0,0026;0,0021;0,0019;0,1251;0,1634;0,1251;0,0102;0,0148;0,0007;0,0003;2,6073;4,1214;2,6073;0,0022;0,0049;0,0047;0,0027
0.0039000660181045532;0.0039000660181045532;0.015038460493087769;0,0035;0,0034;0,0027;0,0027;0,1311;0,2271;0,1311;0,3044;0,0042;0,0025;0,0005;2,6263;3,9693;2,6263;0,8638;0,0112;0,0168;0,6514
0.0039006471633911133;0.0039006471633911133;0.01743641495704651;0,0029;0,0033;0,0027;0,0022;0,1320;0,1405;0,1320;0,0142;0,0043;0,0019;0,2748;2,6599;5,2746;2,6599;0,0015;0,0031;0,0025;0,0019
0.004200071096420288;0.004200071096420288;0.018172085285186768;0,0050;0,0043;0,0033;0,0030;0,1321;0,1321;0,1518;0,0040;0,0033;0,0006;0,0006;2,6995;7,9161;2,6995;4,0794;3,4235;3,4118;3,1433
0.004200071096420288;0.004200071096420288;0.016783908009529114;0,0041;0,0037;0,0034;0,0032;0,1333;0,1394;0,1333;0,0038;0,0084;0,0835;0,0035;2,7070;4,1703;2,7070;0,0016;0,0030;0,6772;0,0076
0.004200071096420288;0.004200071096420288;0.015332266688346863;0,0028;0,0031;0,0023;0,0020;0,1375;0,1375;0,1477;0,0023;0,0025;0,0025;0,0014;2,7181;5,5311;2,7181;0,0104;0,0087;0,0252;1,1303
0.004200071096420288;0.004200071096420288;0.01770906150341034;0,0058;0,0048;0,0031;0,0025;0,1379;0,1379;0,1399;0,0018;0,1230;0,1057;0,1030;2,7287;4,3701;2,7287;0,0055;0,0033;0,0018;0,0052
0.004200071096420288;0.004200071096420288;0.01471167802810669;0,0061;0,0028;0,0021;0,0020;0,1381;0,1478;0,1381;0,0046;0,0016;0,0013;0,0006;2,7861;3,9761;2,7861;0,0025;0,0047;0,4210;0,0068
0.004200071096420288;0.004200071096420288;0.01806226372718811;0,0039;0,0032;0,0027;0,0024;0,1386;0,1524;0,1386;0,0042;0,1846;0,0021;0,0011;2,7872;4,3647;2,7872;0,8577;0,0089;0,0455;0,4969
0.004200071096420288;0.004200071096420288;0.029533684253692627;0,0080;0,0057;0,0046;0,0042;0,1416;0,1509;0,1416;0,0025;0,0019;0,0014;0,0032;2,7903;6,6551;2,7903;0,0183;0,0076;0,0730;0,0021
0.004500076174736023;0.004500076174736023;0.020048201084136963;0,0032;0,0035;0,0030;0,0028;0,1422;0,1422;0,1779;0,0030;0,0029;0,0172;0,0016;2,7965;7,2938;2,7965;1,8053;0,0107;0,0071;0,0085
0.004500076174736023;0.004500076174736023;0.016185075044631958;0,0038;0,0031;0,0030;0,0026;0,1446;0,1474;0,1446;0,0035;0,0050;0,0013;0,0008;2,9240;14,9473;2,9240;0,0166;3,8737;0,1222;1,8732
0.004500076174736023;0.004500076174736023;0.017978832125663757;0,0124;0,0088;0,0070;0,0046;0,1476;0,1573;0,1476;0,0204;0,0025;0,0014;0,0013;2,9736;6,9046;2,9736;4,4135;4,3444;0,0201;0,0011
0.004500076174736023;0.004500076174736023;0.028140008449554443;0,0204;0,0167;0,0161;0,0153;0,1479;0,1479;0,1514;0,0027;0,0035;0,1216;0,0966;2,9748;5,8527;2,9748;2,1667;1,3756;0,0052;0,0029
0.004800081253051758;0.004800081253051758;0.01732802391052246;0,0048;0,0039;0,0034;0,0030;0,1486;0,1843;0,1486;0,1752;0,0066;0,1234;0,1122;3,0412;13,1887;3,0412;4,5029;4,6923;4,3076;0,0046
0.004800081253051758;0.004800081253051758;0.019083291292190552;0,0068;0,0059;0,0044;0,0042;0,1506;0,1506;0,2181;0,0010;0,0038;0,0011;0,0014;3,0806;4,3845;3,0806;0,8212;0,0236;0,0132;0,0015
0.004800081253051758;0.004800081253051758;0.013817191123962402;0,0042;0,0031;0,0015;0,0019;0,1508;0,1572;0,1508;0,0025;0,0036;0,0008;0,0014;3,0990;7,1384;3,0990;5,0107;3,9900;0,0129;3,3676
0.004800081253051758;0.004800081253051758;0.023870453238487244;0,0065;0,0055;0,0046;0,0045;0,1509;0,1509;0,1824;0,0024;0,0016;0,0023;0,0013;3,1420;5,8777;3,1420;0,8146;0,0051;0,8799;0,0105
0.004800081253051758;0.004800081253051758;0.02103087306022644;0,0041;0,0046;0,0038;0,0030;0,1517;0,1595;0,1517;0,0030;0,0082;0,0018;0,0009;3,1982;8,8762;3,1982;3,9406;3,8564;3,1203;0,0266
0.004800081253051758;0.004800081253051758;0.027525782585144043;0,0058;0,0036;0,0037;0,0033;0,1536;0,1704;0,1536;0,0036;0,0007;0,1417;0,1242;3,2092;4,5579;3,2092;1,4267;0,0081;0,0178;0,0154
0.004800081253051758;0.004800081253051758;0.018048405647277832;0,0044;0,0044;0,0033;0,0034;0,1542;0,1799;0,1542;0,0022;0,0153;0,0029;0,0013;3,2879;4,5823;3,2879;0,0076;0,8063;0,0043;0,7424
0.004800081253051758;0.004800081253051758;0.023680269718170166;0,0045;0,0041;0,0040;0,0038;0,1555;0,1568;0,1555;0,0016;0,0024;0,0010;0,0021;3,2967;7,1428;3,2967;3,4816;0,0317;3,1213;0,7543
0.004800081253051758;0.004800081253051758;0.025304734706878662;0,0052;0,0049;0,0039;0,0038;0,1559;0,1559;0,2148;0,0092;0,0021;0,0067;0,1688;3,3211;10,7336;3,3211;3,1911;0,0120;2,1133;1,5777
0.0048007965087890625;0.0048007965087890625;0.02615758776664734;0,0067;0,0049;0,0047;0,0041;0,1562;0,1562;0,1697;0,0033;0,0020;0,0054;0,2371;3,3524;4,5441;3,3524;1,0274;0,0053;0,0076;0,6681
0.0048007965087890625;0.0048007965087890625;0.01690325140953064;0,0077;0,0078;0,0067;0,0057;0,1579;0,1748;0,1579;0,0017;0,0024;0,1799;0,0940;3,3674;7,2031;3,3674;6,4948;4,7900;4,5179;2,5177
0.0048007965087890625;0.0048007965087890625;0.02194167673587799;0,0046;0,0049;0,0039;0,0030;0,1581;0,1581;0,1615;0,1731;0,1520;0,1230;0,1054;3,3701;6,6057;3,3701;0,0067;0,0046;3,5710;2,9090
0.005100086331367493;0.005100086331367493;0.02912980318069458;0,0057;0,0050;0,0048;0,0045;0,1590;0,1648;0,1590;0,2022;0,0035;0,0027;0,0009;3,4060;5,2997;3,4060;1,5173;0,0116;0,8874;0,0030
0.005100086331367493;0.005100086331367493;0.019430816173553467;0,0123;0,0128;0,0114;0,0075;0,1607;0,1607;0,2406;0,0018;0,0026;0,1609;0,0031;3,4236;8,2304;3,4236;1,6343;0,0348;0,0029;0,0509
0.005100086331367493;0.005100086331367493;0.02791827917098999;0,0066;0,0064;0,0058;0,0044;0,1633;0,1633;0,2168;0,1698;0,1654;0,0004;0,0653;3,4333;6,0533;3,4333;3,4456;0,0067;0,0112;0,0094
0.005100086331367493;0.005100086331367493;0.021450862288475037;0,0168;0,0111;0,0074;0,0049;0,1635;0,1635;0,1684;0,6279;0,0166;0,5338;0,0049;3,4348;3,9461;3,4348;0,0160;0,0061;0,0036;0,0035
0.005100086331367493;0.005100086331367493;0.018642351031303406;0,0093;0,0034;0,0045;0,0032;0,1635;0,1635;0,2290;0,0093;0,0020;0,0031;0,0011;3,4642;6,4911;3,4642;2,0795;1,4943;0,0218;0,0274
0.005100086331367493;0.005100086331367493;0.020016908645629883;0,0102;0,0111;0,0084;0,0063;0,1645;0,1667;0,1645;0,0033;0,0114;0,0006;0,0009;3,5336;6,1540;3,5336;0,0069;0,0045;0,0078;0,0027
0.005100086331367493;0.005100086331367493;0.019642621278762817;0,0127;0,0119;0,0089;0,0062;0,1646;0,1646;0,3497;0,0121;0,0014;0,0018;0,0019;3,5504;7,3131;3,5504;1,8345;1,9071;1,7396;1,6163
0.005100846290588379;0.005100846290588379;0.022543281316757202;0,0078;0,0089;0,0059;0,0052;0,1648;0,1769;0,1648;0,4761;0,0038;0,0021;0,0037;3,5821;11,8111;3,5821;4,5122;4,7911;4,3935;3,9958
0.005100846290588379;0.005100846290588379;0.02446526288986206;0,0161;0,0037;0,0050;0,0037;0,1657;0,1657;0,1897;0,0044;0,0037;0,0018;0,0055;3,5901;7,1161;3,5901;2,4859;1,8085;0,0132;0,0069
0.005100846290588379;0.005100846290588379;0.017483308911323547;0,0035;0,0029;0,0024;0,0022;0,1670;0,1994;0,1670;0,0040;0,2377;0,0013;0,0128;3,6052;7,1960;3,6052;3,0388;2,6489;0,0109;2,0305
0.005100846290588379;0.005100846290588379;0.018245816230773926;0,0091;0,0052;0,0050;0,0037;0,1674;0,1674;0,2342;0,0026;0,0021;0,0011;0,0017;3,6225;10,0221;3,6225;5,0812;4,3634;0,0069;3,7070
0.0054000914096832275;0.0054000914096832275;0.01897771656513214;0,0054;0,0053;0,0047;0,0039;0,1685;0,1685;0,1737;0,1877;0,0007;0,0024;0,0030;3,6266;8,6746;3,6266;0,0057;0,0306;0,4252;1,9515
0.0054000914096832275;0.0054000914096832275;0.02089567482471466;0,0075;0,0059;0,0064;0,0061;0,1690;0,1835;0,1690;0,0030;0,0006;0,0013;0,0038;3,6669;6,8308;3,6669;4,3599;3,9633;3,1909;0,0136
0.0054000914096832275;0.0054000914096832275;0.01772785186767578;0,0118;0,0076;0,0052;0,0039;0,1699;0,1699;0,1757;0,3387;0,0040;0,1330;0,1196;3,6697;5,3788;3,6697;0,0236;1,1817;0,0013;0,0213
0.0054000914096832275;0.0054000914096832275;0.02191370725631714;0,0073;0,0081;0,0061;0,0044;0,1710;0,1710;0,1753;0,0533;0,0017;0,0013;0,0019;3,6789;7,6375;3,6789;1,2300;0,0026;0,9819;0,0106
0.0054000914096832275;0.0054000914096832275;0.021287262439727783;0,0090;0,0086;0,0068;0,0056;0,1727;0,1727;0,2062;0,0006;0,0030;0,0581;0,1403;3,6836;6,5504;3,6836;1,2735;0,0219;0,9862;0,0054
0.0054000914096832275;0.0054000914096832275;0.015276893973350525;0,0056;0,0052;0,0035;0,0026;0,1757;0,1799;0,1757;0,5215;0,0023;0,0016;0,0027;3,6896;5,9229;3,6896;1,9530;1,7823;0,0030;0,0107
0.0054000914096832275;0.0054000914096832275;0.016358882188796997;0,0161;0,0108;0,0110;0,0065;0,1773;0,1831;0,1773;0,0255;0,0029;0,0022;0,0029;3,7070;8,2229;3,7070;4,4084;3,0040;2,4637;0,0138
0.0054000914096832275;0.0054000914096832275;0.0324181392788887;0,0083;0,0052;0,0038;0,0038;0,1778;0,1778;0,2300;0,0048;0,2121;0,0036;0,0023;3,7111;9,1807;3,7111;2,6483;2,1278;0,0032;1,0488
0.005400121212005615;0.005400121212005615;0.024078965187072754;0,0058;0,0061;0,0050;0,0044;0,1779;0,2749;0,1779;0,0088;0,0036;0,4478;0,0069;3,7118;9,4496;3,7118;0,0210;0,0252;0,9389;0,0576
0.005400896072387695;0.005400896072387695;0.016909196972846985;0,0079;0,0040;0,0042;0,0032;0,1788;0,1788;0,1811;0,0246;0,0014;0,0058;0,0011;3,7142;12,5822;3,7142;3,2260;0,0142;2,7020;0,0188
0.005400896072387695;0.005400896072387695;0.0160047709941864;0,0052;0,0024;0,0023;0,0018;0,1790;0,1886;0,1790;0,0043;0,0110;0,0024;0,0055;3,7624;7,0768;3,7624;0,0043;0,0161;0,0053;0,0195
0.005400896072387695;0.005400896072387695;0.02255299687385559;0,0109;0,0050;0,0042;0,0029;0,1791;0,1791;0,1806;0,0068;0,0034;0,0012;0,0027;3,7870;9,5537;3,7870;0,0033;0,0135;0,0199;0,0330
0.005400896072387695;0.005400896072387695;0.020882219076156616;0,0048;0,0040;0,0036;0,0032;0,1801;0,1801;0,2516;0,0088;0,0023;0,0020;0,0028;3,7993;4,9223;3,7993;0,0085;0,0016;0,0015;0,0035
0.005400896072387695;0.005400896072387695;0.01995706558227539;0,0063;0,0051;0,0046;0,0046;0,1802;0,1962;0,1802;0,0023;0,0043;0,0172;0,0013;3,8079;6,0329;3,8079;2,5561;0,0250;0,0111;0,0100
0.005699843168258667;0.005699843168258667;0.025581657886505127;0,0080;0,0071;0,0068;0,0053;0,1813;0,1813;0,1945;0,0020;0,0007;0,0015;0,0012;3,8356;5,7497;3,8356;0,0103;0,8853;0,0182;0,0050
0.005700096487998962;0.005700096487998962;0.018638581037521362;0,0129;0,0021;0,0025;0,0024;0,1817;0,1967;0,1817;0,0135;0,0026;0,0021;0,0011;3,8538;6,6387;3,8538;0,0133;0,0037;0,0085;0,0073
0.005700096487998962;0.005700096487998962;0.0189494788646698;0,0091;0,0059;0,0042;0,0039;0,1820;0,1820;0,1822;0,0135;0,0027;0,0019;0,0012;3,8663;9,0773;3,8663;4,6530;4,2542;3,0854;3,1586
0.005700096487998962;0.005700096487998962;0.019420117139816284;0,0107;0,0068;0,0049;0,0040;0,1832;0,2309;0,1832;0,3751;0,0781;0,0047;0,0012;3,9526;9,7210;3,9526;0,0039;0,0084;0,0014;0,0085
0.005700945854187012;0.005700945854187012;0.01837170124053955;0,0069;0,0105;0,0052;0,0045;0,1832;0,1832;0,1882;0,0016;0,0084;0,0022;0,0018;3,9897;6,7584;3,9897;2,7608;2,2608;0,0205;0,0106
0.005700945854187012;0.005700945854187012;0.03379693627357483;0,0068;0,0063;0,0056;0,0048;0,1833;0,2016;0,1833;0,0080;0,0031;0,0012;0,0005;4,0031;5,6880;4,0031;0,0142;0,0155;0,0045;0,0032
0.006000101566314697;0.006000101566314697;0.022052258253097534;0,0071;0,0059;0,0059;0,0051;0,1833;0,1833;0,2204;0,3658;0,0061;0,0013;0,0019;4,0233;13,8817;4,0233;4,7373;4,3096;3,8832;3,6721
0.006000101566314697;0.006000101566314697;0.01755143702030182;0,0135;0,0105;0,0084;0,0043;0,1852;0,1852;0,2550;0,0025;0,0036;0,0015;0,0012;4,0693;14,0061;4,0693;4,4558;3,5269;0,0130;3,0686
0.006000101566314697;0.006000101566314697;0.019321978092193604;0,0112;0,0054;0,0047;0,0043;0,1862;0,1862;0,1869;0,1664;0,0085;0,0011;0,0065;4,0736;8,6060;4,0736;3,4892;0,0333;0,0094;0,0032
0.006000101566314697;0.006000101566314697;0.016638100147247314;0,0081;0,0056;0,0050;0,0053;0,1863;0,2143;0,1863;0,0067;0,0075;0,0029;0,0109;4,0737;10,7446;4,0737;4,5540;3,3042;2,1734;2,6753
0.006000101566314697;0.006000101566314697;0.023456066846847534;0,0077;0,0057;0,0047;0,0040;0,1863;0,1863;0,1949;0,0023;0,0106;0,0035;0,0011;4,0962;9,6958;4,0962;2,1987;2,0362;0,0092;0,0194
0.006000101566314697;0.006000101566314697;0.0374126136302948;0,0060;0,0047;0,0040;0,0041;0,1870;0,2060;0,1870;0,0033;0,0084;0,0037;0,0012;4,1106;8,5433;4,1106;5,0615;0,0090;0,0734;4,0185
0.006000101566314697;0.006000101566314697;0.022042393684387207;0,0077;0,0064;0,0055;0,0041;0,1874;0,2071;0,1874;0,2743;0,0086;0,0282;0,0011;4,1107;6,5645;4,1107;5,0432;4,8040;4,3134;3,7512
0.006000995635986328;0.006000995635986328;0.021226048469543457;0,0074;0,0076;0,0060;0,0039;0,1874;0,1998;0,1874;0,0020;0,0008;0,0015;0,0017;4,1242;15,9814;4,1242;3,4357;2,8382;2,3321;0,0413
0.006000995635986328;0.006000995635986328;0.029705047607421875;0,0086;0,0080;0,0071;0,0060;0,1882;0,1882;0,1942;0,0030;0,0015;0,0075;0,0009;4,1253;7,1514;4,1253;1,5334;1,3710;1,2615;0,0273
0.006000995635986328;0.006000995635986328;0.016778886318206787;0,0072;0,0059;0,0035;0,0026;0,1890;0,2040;0,1890;0,0235;0,0030;0,0014;0,0041;4,1691;6,5491;4,1691;0,0030;1,8755;0,0140;2,0606
0.006000995635986328;0.006000995635986328;0.03407931327819824;0,0050;0,0052;0,0047;0,0042;0,1899;0,1899;0,2409;0,0057;0,0012;0,0032;0,0040;4,2011;7,8135;4,2011;2,6534;2,4103;0,0240;0,0070
0.006000995635986328;0.006000995635986328;0.021481424570083618;0,0125;0,0107;0,0089;0,0037;0,1902;0,1902;0,2824;0,0031;0,2225;0,2197;0,0045;4,2175;14,0413;4,2175;3,9146;3,5194;0,5325;2,8908
0.006000995635986328;0.006000995635986328;0.020685866475105286;0,0047;0,0029;0,0029;0,0022;0,1919;0,2279;0,1919;0,4901;0,0060;0,0022;0,0051;4,2176;5,7427;4,2176;1,7877;0,0163;0,0008;0,0040
0.006300106644630432;0.006300106644630432;0.03201335668563843;0,0127;0,0082;0,0086;0,0077;0,1942;0,1942;0,3024;0,0068;0,0018;0,0029;0,0015;4,2218;7,1256;4,2218;3,3349;0,0242;2,3791;0,0118
0.006300106644630432;0.006300106644630432;0.0234014093875885;0,0152;0,0124;0,0098;0,0074;0,1950;0,2128;0,1950;0,0022;0,0012;0,0037;0,0008;4,2414;7,5095;4,2414;1,2470;0,0186;0,0066;0,0084
0.006300106644630432;0.006300106644630432;0.018805861473083496;0,0175;0,0139;0,0136;0,0120;0,1959;0,1959;0,2456;0,0021;0,2414;0,1966;0,0008;4,2833;7,9434;4,2833;1,4780;0,0087;0,0078;0,0090
0.006300106644630432;0.006300106644630432;0.017460376024246216;0,0100;0,0079;0,0076;0,0066;0,1966;0,2136;0,1966;0,0065;0,0033;0,0084;0,0047;4,2872;6,6977;4,2872;2,6718;2,5298;2,0444;1,3020
0.006300106644630432;0.006300106644630432;0.03109520673751831;0,0133;0,0104;0,0006;0,0081;0,1968;0,1968;0,2508;0,0066;0,0120;0,0056;0,0031;4,2880;5,6647;4,2880;1,6654;0,0867;0,0044;0,0077
0.006300106644630432;0.006300106644630432;0.02447611093521118;0,0159;0,0108;0,0073;0,0057;0,2003;0,2081;0,2003;0,0024;0,0013;0,0038;0,0012;4,3141;7,1819;4,3141;1,6696;1,1814;1,4399;0,8235
0.006300106644630432;0.006300106644630432;0.018328309059143066;0,0093;0,0085;0,0063;0,0069;0,2021;0,2137;0,2021;0,2171;0,0039;0,0012;0,0092;4,3223;6,1370;4,3223;0,0373;1,7493;0,0053;0,0112
0.006300106644630432;0.006300106644630432;0.02466481924057007;0,0068;0,0066;0,0059;0,0058;0,2036;0,2164;0,2036;0,0077;0,2462;0,0023;0,0035;4,3643;7,4865;4,3643;1,2419;0,0041;0,0045;0,9141
0.006300106644630432;0.006300106644630432;0.02330264449119568;0,0074;0,0046;0,0044;0,0040;0,2049;0,2049;0,2569;0,0029;0,0033;0,0047;0,0018;4,3723;8,4644;4,3723;0,0031;0,0035;0,0016;0,0011
0.0063010454177856445;0.0063010454177856445;0.02258661389350891;0,0072;0,0042;0,0045;0,0037;0,2083;0,2083;0,2652;0,0038;0,0037;0,0041;0,0021;4,3743;5,8678;4,3743;0,0095;0,0117;0,2849;0,0074
0.006600111722946167;0.006600111722946167;0.020342767238616943;0,0095;0,0074;0,0067;0,0060;0,2085;0,2085;0,2255;0,0039;0,0018;0,0019;0,0064;4,4079;9,1279;4,4079;2,0929;1,6844;0,0145;0,0107
0.006600111722946167;0.006600111722946167;0.02298930287361145;0,0081;0,0054;0,0042;0,0039;0,2095;0,3744;0,2095;0,0055;0,0032;0,0541;0,0014;4,4348;6,8708;4,4348;0,0198;0,0058;0,0021;0,0067
0.006600111722946167;0.006600111722946167;0.020217418670654297;0,0135;0,0109;0,0092;0,0066;0,2114;0,2114;0,2344;0,4371;0,3738;0,0672;0,0024;4,4433;6,4842;4,4433;0,0032;1,4191;0,0030;0,0052
0.006600111722946167;0.006600111722946167;0.01878775656223297;0,0121;0,0065;0,0066;0,0040;0,2118;0,2118;0,2227;0,0040;0,0047;0,0030;0,2563;4,4691;6,1289;4,4691;0,0129;0,0194;0,0012;0,0023
0.006600111722946167;0.006600111722946167;0.023981809616088867;0,0064;0,0077;0,0052;0,0045;0,2133;0,3208;0,2133;0,8049;0,7592;0,0093;0,0062;4,4884;19,4484;4,4884;8,2387;7,6673;5,6945;4,8792
0.006600111722946167;0.006600111722946167;0.02588590979576111;0,0116;0,0098;0,0087;0,0078;0,2148;0,2717;0,2148;0,3929;0,3938;0,0538;0,2974;4,5032;10,3877;4,5032;4,8103;4,4912;0,0031;3,5912
0.006600111722946167;0.006600111722946167;0.023531436920166016;0,0227;0,0160;0,0084;0,0068;0,2149;0,2272;0,2149;0,0018;0,0075;0,0033;0,0014;4,5068;12,1193;4,5068;4,2526;4,1808;3,5063;0,0199
0.006600111722946167;0.006600111722946167;0.026756688952445984;0,0161;0,0140;0,0099;0,0085;0,2153;0,2314;0,2153;0,0055;0,0017;0,0021;0,0010;4,5081;17,0213;4,5081;6,8117;0,0094;4,3755;4,1845
0.006600111722946167;0.006600111722946167;0.02095705270767212;0,0115;0,0098;0,0068;0,0055;0,2160;0,2160;0,2410;0,0019;0,0015;0,0014;0,0011;4,5284;17,7091;4,5284;4,6774;0,0125;2,5019;2,7090
0.006600111722946167;0.006600111722946167;0.022202342748641968;0,0120;0,0038;0,0055;0,0043;0,2165;0,2165;0,2266;0,0028;0,0032;0,0073;0,0178;4,5882;6,0121;4,5882;0,0091;0,0081;0,0072;0,0065
0.006601095199584961;0.006601095199584961;0.0234033465385437;0,0079;0,0066;0,0060;0,0060;0,2166;0,2486;0,2166;0,0189;0,0010;0,0036;0,0021;4,5963;9,2146;4,5963;3,4956;3,0132;2,6613;0,0061
0.006601095199584961;0.006601095199584961;0.018971607089042664;0,0147;0,0108;0,0075;0,0051;0,2166;0,2425;0,2166;0,0046;0,0041;0,0054;0,0036;4,6104;8,7651;4,6104;0,0088;0,0154;0,0059;0,0075
0.006601095199584961;0.006601095199584961;0.02715355157852173;0,0088;0,0085;0,0070;0,0056;0,2167;0,2262;0,2167;0,0058;0,0021;0,0011;0,0014;4,6722;7,2550;4,6722;3,9638;0,0204;0,0362;0,0025
0.006900116801261902;0.006900116801261902;0.030892103910446167;0,0121;0,0100;0,0075;0,0080;0,2170;0,2364;0,2170;0,3828;0,3147;0,0026;0,0015;4,6834;8,1168;4,6834;3,9467;0,0258;3,4650;3,2975
0.006900116801261902;0.006900116801261902;0.0;0,0243;0,0235;0,0203;0,0157;0,2200;0,2200;0,3084;0,1294;0,4662;0,0163;0,0024;4,6983;6,3314;4,6983;0,0018;0,0058;0,0038;0,1527
0.006900116801261902;0.006900116801261902;0.0217972993850708;0,0166;0,0170;0,0153;0,0128;0,2208;0,2208;0,2283;0,4367;0,0041;0,0085;0,0120;4,7116;16,4367;4,7116;4,1615;3,4718;3,2866;1,9047
0.006900116801261902;0.006900116801261902;0.022846132516860962;0,0107;0,0082;0,0066;0,0062;0,2209;0,4044;0,2209;0,6935;0,0058;0,0014;0,0041;4,7167;10,0644;4,7167;3,0757;0,0489;2,4764;2,0759
0.006900116801261902;0.006900116801261902;0.02256476879119873;0,0125;0,0074;0,0077;0,0061;0,2212;0,2212;0,2655;0,0092;0,3221;0,0017;0,0045;4,7288;8,0382;4,7288;4,2197;0,0190;1,9070;2,0725
0.006900116801261902;0.006900116801261902;0.030133038759231567;0,0102;0,0086;0,0078;0,0067;0,2215;0,2353;0,2215;0,0115;0,0025;0,0023;0,0014;4,7657;6,7340;4,7657;3,5741;3,4155;0,0055;0,7635
0.006900116801261902;0.006900116801261902;0.03489707410335541;0,0115;0,0090;0,0091;0,0073;0,2220;0,2220;0,2658;0,0054;0,0073;0,0154;0,0048;4,8692;8,2257;4,8692;1,4273;0,0039;0,0031;0,8942
0.006900116801261902;0.006900116801261902;0.022698014974594116;0,0137;0,0125;0,0019;0,0095;0,2233;0,2233;0,2444;0,0040;0,0090;0,0141;0,0021;4,8701;10,3863;4,8701;2,3593;2,1074;1,9382;1,8496
0.006900116801261902;0.006900116801261902;0.03303466737270355;0,0093;0,0075;0,0077;0,0067;0,2234;0,2442;0,2234;0,0033;0,0134;0,0032;0,0014;4,8717;7,9331;4,8717;0,0081;0,0410;2,1693;0,0212
0.006900116801261902;0.006900116801261902;0.01967257261276245;0,0121;0,0115;0,0088;0,0076;0,2279;0,2735;0,2279;0,0016;0,0286;0,0148;0,0010;4,9113;11,9029;4,9113;3,8535;3,5368;3,0813;0,0629
0.006900116801261902;0.006900116801261902;0.01941549777984619;0,0157;0,0164;0,0156;0,0122;0,2281;0,2620;0,2281;0,3806;0,3550;0,3336;0,0024;4,9642;6,3283;4,9642;0,3863;0,0134;0,9337;0,0034
0.006900116801261902;0.006900116801261902;0.03203496336936951;0,0154;0,0119;0,0113;0,0100;0,2282;0,2857;0,2282;0,0029;0,0036;0,0022;0,0016;4,9818;14,2405;4,9818;0,0088;3,4680;3,0458;0,0032
0.006900116801261902;0.006900116801261902;0.02312353253364563;0,0131;0,0117;0,0107;0,0103;0,2286;0,2286;0,3620;0,0085;0,2568;0,0123;0,0093;5,0077;14,3401;5,0077;4,2444;4,5182;0,0072;3,4884
0.006901144981384277;0.006901144981384277;0.04497972130775452;0,0122;0,0126;0,0095;0,0081;0,2303;0,2303;0,3406;0,0046;0,0115;0,0281;0,0031;5,0237;8,6520;5,0237;1,9420;1,9775;0,0108;0,0413
0.006901144981384277;0.006901144981384277;0.02471199631690979;0,0187;0,0185;0,0166;0,0154;0,2305;0,2305;0,4027;0,2940;0,0126;0,0135;0,0107;5,0595;7,3297;5,0595;0,0050;0,0098;0,0070;0,0080
0.007200121879577637;0.007200121879577637;0.02246275544166565;0,0200;0,0145;0,0097;0,0068;0,2312;0,2564;0,2312;0,3433;0,0022;0,0018;0,0174;5,1497;10,0136;5,1497;4,0915;3,8406;2,8169;0,0069
0.007200121879577637;0.007200121879577637;0.026003390550613403;0,0109;0,0054;0,0058;0,0044;0,2312;0,2312;0,2527;0,4241;0,0034;0,0274;0,0030;5,1572;5,3362;5,1572;0,0060;0,0065;0,0051;0,0106
0.007200121879577637;0.007200121879577637;0.0238608717918396;0,0142;0,0120;0,0109;0,0093;0,2314;0,2314;0,2495;0,0054;0,0072;0,0040;0,0015;5,1644;7,3744;5,1644;0,0070;0,0138;0,0704;0,0086
0.007200121879577637;0.007200121879577637;0.020233750343322754;0,0162;0,0139;0,0126;0,0109;0,2322;0,2322;0,3570;0,0176;0,0128;0,0046;0,0058;5,1834;5,8290;5,1834;2,2075;0,0046;0,0094;0,0018
0.007200121879577637;0.007200121879577637;0.029398083686828613;0,0138;0,0106;0,0096;0,0088;0,2333;0,2333;0,2430;0,0086;0,0019;0,0065;0,0123;5,1947;19,6810;5,1947;8,7911;7,1680;7,1627;6,2838
0.007201194763183594;0.007201194763183594;0.022387146949768066;0,0100;0,0056;0,0062;0,0055;0,2334;0,2761;0,2334;0,0121;0,0020;0,0024;0,0002;5,2280;7,5673;5,2280;0,0080;0,0147;0,3739;0,0209
0.007201194763183594;0.007201194763183594;0.026546508073806763;0,0116;0,0105;0,0085;0,0069;0,2334;0,2365;0,2334;0,0096;0,3860;0,0025;0,0060;5,2333;10,7635;5,2333;2,2316;0,0070;1,7560;1,5975
0.007500126957893372;0.007500126957893372;0.021965891122817993;0,0112;0,0112;0,0099;0,0092;0,2340;0,2678;0,2340;0,0056;0,0145;0,0034;0,0303;5,2522;10,7266;5,2522;4,5873;0,0292;0,0059;0,0053
0.007500126957893372;0.007500126957893372;0.034301623702049255;0,0119;0,0100;0,0064;0,0061;0,2340;0,2340;0,3661;0,0053;0,0032;0,0015;0,0033;5,2531;7,9202;5,2531;3,0970;2,6776;0,0064;2,0458
0.007500126957893372;0.007500126957893372;0.0267522931098938;0,0134;0,0102;0,0096;0,0073;0,2340;0,2718;0,2340;0,6130;0,8078;0,0028;0,0023;5,2952;8,2418;5,2952;1,7676;1,7115;1,5483;1,5117
0.007500126957893372;0.007500126957893372;0.019981592893600464;0,0169;0,0124;0,0069;0,0038;0,2343;0,2499;0,2343;0,5645;0,0041;0,3786;0,0005;5,3006;7,3725;5,3006;1,3680;0,0048;0,0185;0,7675
0.007500126957893372;0.007500126957893372;0.023573920130729675;0,0090;0,0097;0,0081;0,0069;0,2359;0,2359;0,2876;0,8151;0,0057;0,0047;0,0011;5,3108;13,7608;5,3108;5,2073;5,6654;0,0356;0,0547
0.007500126957893372;0.007500126957893372;0.029356077313423157;0,0101;0,0105;0,0078;0,0065;0,2365;0,2365;0,2494;0,0110;0,0045;0,0095;0,2929;5,3224;9,1689;5,3224;4,1797;3,9687;0,0193;0,0052
0.007500126957893372;0.007500126957893372;0.02101317048072815;0,0054;0,0067;0,0047;0,0043;0,2372;0,4033;0,2372;0,0090;0,0192;0,0060;0,0040;5,3274;11,4969;5,3274;0,0217;2,3319;0,0053;0,0246
0.0078001320362091064;0.0078001320362091064;0.01766274869441986;0,0223;0,0144;0,0153;0,0107;0,2377;0,2377;0,2431;0,0147;0,7406;0,0062;0,1751;5,3497;9,9708;5,3497;5,2100;0,0039;1,8513;3,5192
0.0078001320362091064;0.0078001320362091064;0.028826236724853516;0,0147;0,0145;0,0111;0,0112;0,2408;0,2408;0,3171;0,0086;0,0094;0,0046;0,0024;5,3643;6,8179;5,3643;1,8434;1,5993;1,3963;1,3650
0.0078001320362091064;0.0078001320362091064;0.02433037757873535;0,0114;0,0095;0,0087;0,0062;0,2411;0,2612;0,2411;0,4278;0,0047;0,0126;0,0057;5,3773;16,6258;5,3773;5,4049;4,4375;0,0191;0,0231
0.0078001320362091064;0.0078001320362091064;0.023710906505584717;0,0194;0,0180;0,0125;0,0123;0,2421;0,2421;0,3222;0,6407;0,0069;0,5701;0,0100;5,4185;12,1003;5,4185;7,7461;8,1814;6,7889;6,5632
0.0078001320362091064;0.0078001320362091064;0.022814422845840454;0,0163;0,0134;0,0126;0,0106;0,2428;0,2428;0,2614;0,6221;0,0050;0,5490;0,0037;5,4397;8,4902;5,4397;0,0041;2,0686;0,0093;0,0053
0.0078001320362091064;0.0078001320362091064;0.018662691116333008;0,0118;0,0106;0,0083;0,0053;0,2456;0,2456;0,2957;0,6699;0,0040;0,0040;0,0022;5,4556;11,2420;5,4556;2,4998;1,7810;0,0182;0,0095
0.0078012943267822266;0.0078012943267822266;0.036015838384628296;0,0126;0,0118;0,0098;0,0096;0,2483;0,2483;0,2499;0,0019;0,0089;0,0064;0,0098;5,4882;15,8565;5,4882;7,7735;7,0934;6,3447;5,6627
0.0078012943267822266;0.0078012943267822266;0.023186028003692627;0,0156;0,0136;0,0126;0,0100;0,2491;0,2641;0,2491;0,0051;0,0081;0,0011;0,0328;5,5256;11,8910;5,5256;4,0047;3,7677;3,4274;0,0119
0.008100137114524841;0.008100137114524841;0.021700114011764526;0,0127;0,0135;0,0073;0,0066;0,2492;0,2911;0,2492;0,0016;0,0034;0,0010;0,0085;5,5508;12,1375;5,5508;4,1994;3,6580;0,0116;0,0049
0.008100137114524841;0.008100137114524841;0.024897634983062744;0,0151;0,0135;0,0143;0,0105;0,2499;0,2499;0,3634;0,2853;0,2615;0,0243;0,0018;5,5636;15,2872;5,5636;5,2638;4,7579;1,5533;4,1734
0.008100137114524841;0.008100137114524841;0.02098187804222107;0,0122;0,0104;0,0095;0,0087;0,2525;0,2525;0,2549;0,0037;0,0048;0,0016;0,0017;5,5845;8,1795;5,5845;0,0057;0,0117;0,0226;0,0225
0.008100137114524841;0.008100137114524841;0.03349877893924713;0,0217;0,0165;0,0177;0,0134;0,2537;0,2570;0,2537;0,0054;0,0018;0,0017;0,0022;5,6174;10,5996;5,6174;7,4873;6,3935;5,0265;4,8894
0.008100137114524841;0.008100137114524841;0.02067631483078003;0,0074;0,0062;0,0054;0,0041;0,2545;0,3318;0,2545;0,0019;0,0019;0,0031;0,0022;5,6779;7,9723;5,6779;0,0085;0,0062;0,0098;0,0093
0.008100137114524841;0.008100137114524841;0.040685683488845825;0,0099;0,0111;0,0100;0,0077;0,2556;0,2556;0,2568;0,0069;0,4727;0,0008;0,4802;5,6918;6,9151;5,6918;3,4452;0,0310;0,0256;2,2887
0.008101344108581543;0.008101344108581543;0.0251806378364563;0,0206;0,0139;0,0078;0,0085;0,2562;0,2665;0,2562;0,0211;0,0095;0,0052;0,0025;5,7527;10,5000;5,7527;3,1602;2,2363;0,0122;2,3400
0.008101344108581543;0.008101344108581543;0.03389826416969299;0,0252;0,0154;0,0192;0,0140;0,2574;0,2574;0,4494;0,0081;0,0052;0,0077;0,0031;5,8451;8,5472;5,8451;0,0091;2,5278;2,1766;1,7587
0.008400142192840576;0.008400142192840576;0.024099186062812805;0,0142;0,0129;0,0124;0,0111;0,2592;0,2592;0,4079;0,0220;0,0034;0,0032;0,0060;5,8502;7,5479;5,8502;4,9423;4,4710;0,0115;0,0204
0.008400142192840576;0.008400142192840576;0.027965009212493896;0,0191;0,0172;0,0154;0,0131;0,2611;0,2611;0,3490;0,0021;0,0062;0,0035;0,0026;5,8819;11,0951;5,8819;6,5024;6,4298;0,0171;5,0467
0.008400142192840576;0.008400142192840576;0.025736451148986816;0,0159;0,0142;0,0130;0,0116;0,2639;0,2639;0,2747;0,0149;0,0198;0,0027;0,0033;5,8834;10,4322;5,8834;5,4122;4,4067;3,9983;0,0055
0.00840139389038086;0.00840139389038086;0.025513410568237305;0,0140;0,0112;0,0098;0,0085;0,2644;0,2644;0,2988;0,0313;0,0104;0,3810;0,0029;5,9138;9,0410;5,9138;2,9132;2,3333;0,0344;2,0007
0.008700147271156311;0.008700147271156311;0.036294251680374146;0,0253;0,0198;0,0197;0,0152;0,2657;0,3118;0,2657;0,8753;0,0109;0,0049;0,0024;5,9288;6,7714;5,9288;1,3843;0,0096;0,0017;0,0110
0.008700147271156311;0.008700147271156311;0.02431046962738037;0,0144;0,0153;0,0163;0,0128;0,2672;0,2979;0,2672;0,0096;0,4178;0,4004;0,2274;5,9347;25,5289;5,9347;7,7899;7,0385;6,5846;6,2448
0.008700147271156311;0.008700147271156311;0.031644225120544434;0,0131;0,0134;0,0106;0,0080;0,2679;0,2778;0,2679;0,0113;0,0131;0,0525;0,0090;5,9358;10,2002;5,9358;1,6126;1,3193;1,4183;1,2089
0.008700147271156311;0.008700147271156311;0.027999967336654663;0,0146;0,0170;0,0131;0,0121;0,2680;0,2905;0,2680;0,0027;0,0053;0,0038;0,0130;5,9603;10,1716;5,9603;6,8632;5,5254;5,0491;4,5264
0.008700147271156311;0.008700147271156311;0.034412264823913574;0,0201;0,0164;0,0176;0,0142;0,2684;0,2924;0,2684;0,0045;0,0034;0,0022;0,0004;6,0004;10,0641;6,0004;2,9126;2,7629;2,3915;1,4328
0.008700147271156311;0.008700147271156311;0.029237419366836548;0,0121;0,0118;0,0115;0,0106;0,2713;0,2713;0,2737;0,4677;0,3031;0,0028;0,0019;6,0140;6,0140;6,8428;0,0117;4,4237;3,5692;2,3650
0.008700147271156311;0.008700147271156311;0.027106791734695435;0,0153;0,0147;0,0138;0,0135;0,2719;0,2719;0,2732;0,0031;0,0050;0,0049;0,0016;6,0404;11,2225;6,0404;3,6623;1,2500;0,5867;0,0109
0.008700147271156311;0.008700147271156311;0.0339026004076004;0,0191;0,0167;0,0124;0,0124;0,2720;0,2720;0,3303;0,4817;0,0077;0,0040;0,0390;6,0569;10,8900;6,0569;4,1699;3,5158;3,1653;2,6685
0.008700668811798096;0.008700668811798096;0.028622061014175415;0,0216;0,0200;0,0164;0,0145;0,2725;0,2725;0,3192;0,0024;0,0128;0,0020;0,3706;6,0960;13,0144;6,0960;6,8494;6,4417;5,3841;4,7500
0.008700668811798096;0.008700668811798096;0.03150495886802673;0,0227;0,0197;0,0171;0,0160;0,2728;0,3040;0,2728;0,0036;0,6805;0,0038;0,0009;6,1353;10,5682;6,1353;3,1206;2,4869;0,0058;2,0717
0.009000152349472046;0.009000152349472046;0.023742735385894775;0,0158;0,0139;0,0121;0,0069;0,2745;0,2951;0,2745;0,0033;0,0092;0,0117;0,0066;6,1889;12,3279;6,1889;5,5379;5,0101;0,0148;0,0066
0.009000152349472046;0.009000152349472046;0.025615602731704712;0,0110;0,0084;0,0081;0,0073;0,2750;0,2750;0,3299;0,0124;0,0033;0,0079;0,0117;6,1907;9,3730;6,1907;3,8239;0,0259;0,0482;0,0199
0.009000152349472046;0.009000152349472046;0.04303577542304993;0,0244;0,0241;0,0207;0,0157;0,2755;0,2755;0,3136;0,0031;0,0037;0,0029;0,0024;6,2293;9,8741;6,2293;2,6726;1,8266;0,0187;0,2815
0.009000152349472046;0.009000152349472046;0.02868485450744629;0,0211;0,0197;0,0162;0,0165;0,2759;0,3046;0,2759;0,0045;0,0016;0,0131;0,0034;6,2865;14,2869;6,2865;5,2764;0,0401;3,7825;3,5048
0.009000152349472046;0.009000152349472046;0.03593519330024719;0,0154;0,0122;0,0129;0,0100;0,2760;0,3094;0,2760;0,8027;0,7414;0,6131;0,0295;6,3187;13,1499;6,3187;3,4985;2,8943;2,8394;0,0108
0.009000152349472046;0.009000152349472046;0.02999591827392578;0,0167;0,0142;0,0122;0,0115;0,2763;0,3678;0,2763;0,0036;0,0087;0,0028;0,0059;6,3286;7,4504;6,3286;3,3961;0,0108;2,4987;0,0244
0.009000152349472046;0.009000152349472046;0.0246676504611969;0,0162;0,0167;0,0154;0,0129;0,2777;0,2777;0,3143;0,0052;0,0020;0,0026;0,0049;6,3584;12,3004;6,3584;6,1796;5,7177;4,5612;3,1262
0.009000152349472046;0.009000152349472046;0.02940322458744049;0,0128;0,0111;0,0093;0,0088;0,2787;0,3237;0,2787;0,0053;0,0012;0,0035;0,0046;6,3596;10,9250;6,3596;3,0218;2,1153;0,0034;0,0123
0.009000152349472046;0.009000152349472046;0.023019492626190186;0,0243;0,0175;0,0168;0,0152;0,2789;0,3027;0,2789;0,9005;0,0027;0,0041;0,0041;6,3980;8,6975;6,3980;0,2100;0,2211;0,7577;0,0093
0.009001493453979492;0.009001493453979492;0.02770388126373291;0,0133;0,0117;0,0099;0,0112;0,2796;0,2796;0,3027;0,0288;0,0012;0,0039;0,0027;6,4443;10,8617;6,4443;4,0824;3,5425;2,9040;0,0109
0.009001493453979492;0.009001493453979492;0.027037233114242554;0,0066;0,0130;0,0089;0,0081;0,2859;0,2859;0,3593;0,2220;0,0278;0,0105;0,0229;6,4573;10,9339;6,4573;0,0077;1,5959;0,0108;0,0056
0.009001493453979492;0.009001493453979492;0.020372554659843445;0,0157;0,0113;0,0096;0,0084;0,2862;0,4016;0,2862;0,0130;1,1564;0,0042;0,0284;6,4851;19,6146;6,4851;5,6517;4,5819;1,7339;3,7536
0.009001493453979492;0.009001493453979492;0.029946058988571167;0,0151;0,0116;0,0075;0,0063;0,2863;0,2863;0,2924;0,6815;0,0277;0,0783;0,0048;6,5813;7,9115;6,5813;3,6647;3,2342;2,0596;2,2858
0.009001493453979492;0.009001493453979492;0.02809673547744751;0,0194;0,0174;0,0164;0,0140;0,2877;0,3193;0,2877;0,0086;0,7689;0,0073;0,0037;6,5893;13,5054;6,5893;5,5645;4,7553;3,9197;3,8048
0.009001493453979492;0.009001493453979492;0.03312399983406067;0,0252;0,0236;0,0202;0,0188;0,2882;0,4004;0,2882;0,0093;0,0081;0,0048;0,0033;6,5986;8,0332;6,5986;4,7305;2,5255;0,0163;2,1385
0.00930015742778778;0.00930015742778778;0.03560437262058258;0,0253;0,0199;0,0129;0,0135;0,2906;0,3762;0,2906;0,0041;0,0323;0,0016;0,4053;6,6110;8,1798;6,6110;1,9386;0,0068;1,0937;1,1101
0.00930015742778778;0.00930015742778778;0.029612571001052856;0,0149;0,0133;0,0121;0,0090;0,2910;0,2910;0,2973;0,0131;0,0052;0,0093;0,0060;6,6148;11,3151;6,6148;4,6264;4,2864;0,0136;0,0376
0.00930015742778778;0.00930015742778778;0.03670462965965271;0,0296;0,0158;0,0192;0,0119;0,2942;0,3087;0,2942;0,7520;0,0038;0,7961;0,0020;6,6395;12,7982;6,6395;0,0037;0,0193;0,1129;2,3212
0.00930015742778778;0.00930015742778778;0.03051188588142395;0,0163;0,0179;0,0168;0,0138;0,2943;0,2943;0,3375;0,0296;0,5671;0,0029;0,2714;6,6721;14,4801;6,6721;6,0370;6,0878;0,0469;4,6203
0.00930015742778778;0.00930015742778778;0.028484150767326355;0,0285;0,0169;0,0138;0,0110;0,2953;0,2953;0,3517;0,0211;0,0023;0,3688;0,0079;6,7751;9,4932;6,7751;5,8308;5,0712;4,4821;4,4320
0.00930015742778778;0.00930015742778778;0.03767004609107971;0,0183;0,0205;0,0172;0,0144;0,2978;0,2978;0,3149;0,0018;0,0053;0,0056;0,0036;6,7981;11,7601;6,7981;3,6107;3,7020;3,3675;2,7943
0.009600162506103516;0.009600162506103516;0.03621891140937805;0,0309;0,0263;0,0257;0,0185;0,2994;0,2994;0,3166;0,1521;0,0438;0,0094;0,0054;6,8040;11,9900;6,8040;3,7277;2,9653;0,0629;0,0067
0.009600162506103516;0.009600162506103516;0.03876316547393799;0,0274;0,0276;0,0262;0,0225;0,3029;0,3073;0,3029;0,0025;0,0424;0,0067;0,0114;6,8393;10,6813;6,8393;4,4731;0,0077;0,0055;2,4768
0.009601593017578125;0.009601593017578125;0.03148086369037628;0,0242;0,0219;0,0197;0,0162;0,3076;0,3076;0,3366;0,0357;0,0048;0,0053;0,0047;6,8699;9,7909;6,8699;2,7545;2,2268;1,5219;0,9200
0.00990016758441925;0.00990016758441925;0.02801087498664856;0,0240;0,0228;0,0199;0,0123;0,3078;0,3078;0,3270;0,8389;0,0051;0,0043;0,0043;6,8844;12,0255;6,8844;3,4218;2,8049;0,0059;0,0095
0.00990016758441925;0.00990016758441925;0.027812212705612183;0,0220;0,0215;0,0178;0,0152;0,3087;0,3087;0,3200;0,8726;0,0102;0,0283;0,6628;6,9109;16,4992;6,9109;3,3225;0,0133;0,0088;0,1775
0.00990016758441925;0.00990016758441925;0.02391798049211502;0,0162;0,0130;0,0091;0,0037;0,3105;0,3466;0,3105;0,0751;0,6504;0,0116;0,0013;6,9580;17,6183;6,9580;0,0203;0,0181;2,2860;0,0032
0.00990016758441925;0.00990016758441925;0.02614918351173401;0,0117;0,0108;0,0100;0,0087;0,3120;0,3120;0,3376;0,0372;0,6427;0,0125;0,4940;6,9757;13,5707;6,9757;6,4851;5,3810;4,3798;3,9050
0.00990016758441925;0.00990016758441925;0.02830684185028076;0,0124;0,0077;0,0103;0,0068;0,3125;0,3125;0,3192;0,4170;0,0202;0,0312;0,5720;7,0149;12,4288;7,0149;6,3259;4,8430;4,8523;0,0829
0.00990016758441925;0.00990016758441925;0.028317809104919434;0,0110;0,0078;0,0083;0,0075;0,3139;0,3139;0,4992;1,1564;0,0167;0,0026;0,0062;7,0283;17,2008;7,0283;4,0211;3,6052;0,0399;3,0233
0.009901642799377441;0.009901642799377441;0.024377167224884033;0,0166;0,0133;0,0142;0,0103;0,3141;0,3297;0,3141;0,7987;0,0279;0,0083;0,1027;7,0378;14,8075;7,0378;2,5676;0,0129;0,0267;0,0067
0.009901642799377441;0.009901642799377441;0.03567074239253998;0,0027;0,0141;0,0150;0,0143;0,3150;0,3448;0,3150;0,0031;0,0027;0,4308;0,3227;7,0477;10,3216;7,0477;5,5625;4,5318;4,4300;4,1204
0.010199695825576782;0.010199695825576782;0.024923622608184814;0,0148;0,0144;0,0125;0,0121;0,3153;0,3153;0,3356;0,9153;0,0295;0,0011;0,7849;7,0610;11,8359;7,0610;3,7558;0,1542;3,5593;0,0055
0.010200172662734985;0.010200172662734985;0.026791810989379883;0,0139;0,0134;0,0139;0,0118;0,3167;0,3167;0,3785;0,0189;0,0038;0,0055;0,0036;7,0906;10,3091;7,0906;1,8294;2,2159;0,1399;1,6470
0.010200172662734985;0.010200172662734985;0.026048868894577026;0,0172;0,0162;0,0145;0,0137;0,3174;0,3174;0,3441;0,0091;0,0034;0,0034;0,0255;7,1958;20,1251;7,1958;0,0084;0,0157;0,0140;0,0261
0.010200172662734985;0.010200172662734985;0.025936990976333618;0,0223;0,0212;0,0195;0,0156;0,3177;0,3177;0,3257;0,0111;0,0103;0,0012;0,0026;7,2149;9,6738;7,2149;2,1942;0,0303;0,0054;0,0912
0.010200172662734985;0.010200172662734985;0.031497836112976074;0,0228;0,0224;0,0188;0,0175;0,3180;0,3180;0,5275;0,0060;0,0108;0,0054;0,0067;7,2537;13,4311;7,2537;2,2587;1,8400;0,0055;0,0152
0.010201692581176758;0.010201692581176758;0.0403551310300827;0,0094;0,0019;0,0081;0,0075;0,3198;0,4185;0,3198;0,0136;0,0049;0,0024;0,0029;7,2779;12,0794;7,2779;5,5006;4,8438;3,7250;3,8562
0.010201692581176758;0.010201692581176758;0.032996684312820435;0,0359;0,0314;0,0210;0,0222;0,3244;0,3244;0,3352;0,0155;0,0210;0,0270;0,0037;7,3032;13,1148;7,3032;4,1539;4,4324;3,8863;3,4196
0.010201692581176758;0.010201692581176758;0.028365224599838257;0,0126;0,0115;0,0084;0,0086;0,3247;0,3684;0,3247;0,0095;0,0279;0,5039;0,0124;7,3289;14,9739;7,3289;4,4498;3,2651;0,0119;2,6528
0.01050017774105072;0.01050017774105072;0.023308366537094116;0,0193;0,0179;0,0012;0,0154;0,3248;0,3248;0,3248;0,5939;0,0016;0,4667;0,0143;7,3396;11,5597;7,3396;3,9741;0,0576;0,0184;0,0083
0.01050017774105072;0.01050017774105072;0.031673818826675415;0,0190;0,0035;0,0165;0,0160;0,3269;0,5076;0,3269;0,0254;0,0784;0,2916;0,0557;7,3407;12,1605;7,3407;3,0154;0,0156;0,4431;0,0124
0.01050017774105072;0.01050017774105072;0.03331045061349869;0,0209;0,0203;0,0173;0,0140;0,3275;0,4209;0,3275;0,0050;0,0106;0,0086;0,6052;7,4020;15,7251;7,4020;7,1201;0,0201;0,0090;0,0359
0.01050017774105072;0.01050017774105072;0.028118640184402466;0,0278;0,0237;0,0222;0,0197;0,3277;0,3833;0,3277;0,0097;0,0082;0,8551;0,0130;7,4206;15,8237;7,4206;0,1046;3,8279;0,0611;2,3713
0.01050017774105072;0.01050017774105072;0.02734324336051941;0,0154;0,0150;0,0137;0,0134;0,3296;0,3474;0,3296;0,0233;0,0032;0,0054;0,3142;7,4344;8,7764;7,4344;4,7474;0,0271;0,0533;0,0267
0.010500192642211914;0.010500192642211914;0.028335928916931152;0,0034;0,0176;0,0172;0,0152;0,3299;0,3299;0,3567;0,3701;0,4062;0,0053;0,0017;7,5034;8,0687;7,5034;4,5890;0,0119;0,0061;0,0665
0.010501742362976074;0.010501742362976074;0.03740297257900238;0,0037;0,0168;0,0130;0,0116;0,3308;0,3308;0,3593;0,0052;0,0216;0,0028;0,0011;7,5092;13,1436;7,5092;3,3836;2,8730;2,0070;2,4524
0.010501742362976074;0.010501742362976074;0.033086299896240234;0,0154;0,0160;0,0140;0,0127;0,3311;0,3657;0,3311;0,0101;0,0525;0,0040;0,0043;7,6060;11,9872;7,6060;5,3910;0,0445;4,1507;3,8428
0.010800182819366455;0.010800182819366455;0.023098260164260864;0,0266;0,0227;0,0179;0,0165;0,3316;0,3316;0,3797;0,0045;0,0011;0,4824;0,0065;7,6073;11,0347;7,6073;5,8200;5,3444;0,0488;4,9657
0.010800182819366455;0.010800182819366455;0.03162883222103119;0,0245;0,0211;0,0217;0,0192;0,3329;0,4731;0,3329;0,9070;0,0019;0,0156;0,0021;7,6204;11,4170;7,6204;0,0066;2,8418;0,0256;0,0048
0.010800182819366455;0.010800182819366455;0.03930702805519104;0,0235;0,0184;0,0190;0,0160;0,3340;0,3340;0,4653;0,0055;0,9271;0,0024;0,0081;7,6502;18,4606;7,6502;5,1899;4,0407;4,1774;3,9590
0.01080179214477539;0.01080179214477539;0.06551215052604675;0,0229;0,0212;0,0198;0,0195;0,3347;0,3997;0,3347;0,5737;0,0073;0,0329;0,0065;7,7030;13,4938;7,7030;8,2603;7,4923;6,1505;0,0161
0.01110018789768219;0.01110018789768219;0.025586754083633423;0,0186;0,0179;0,0167;0,0149;0,3377;0,3406;0,3377;0,6193;0,0091;0,0017;0,2034;7,7070;10,6884;7,7070;5,9395;5,3854;4,9352;0,0261
0.01110018789768219;0.01110018789768219;0.03201916813850403;0,0172;0,0149;0,0133;0,0128;0,3384;0,4093;0,3384;0,9810;0,0299;0,0019;0,0020;7,7258;20,2081;7,7258;4,8035;0,0262;0,0132;0,0059
0.01110018789768219;0.01110018789768219;0.027456670999526978;0,0192;0,0181;0,0152;0,0142;0,3387;0,3387;0,4212;0,0035;0,0048;0,0148;0,0092;7,8480;14,3158;7,8480;0,0046;4,8741;0,0048;1,6832
0.01110018789768219;0.01110018789768219;0.03660067915916443;0,0289;0,0284;0,0271;0,0257;0,3438;0,4033;0,3438;0,0134;0,8582;0,0026;0,0122;7,8773;14,3007;7,8773;4,0811;0,0497;3,5645;3,0900
0.01110018789768219;0.01110018789768219;0.02237585186958313;0,0190;0,0163;0,0170;0,0140;0,3444;0,3444;0,3737;0,0059;0,8598;0,0079;0,0124;7,8925;11,9671;7,8925;3,3303;3,5350;3,2917;2,9539
0.01110018789768219;0.01110018789768219;0.022499442100524902;0,0186;0,0134;0,0116;0,0084;0,3455;0,3635;0,3455;0,6733;0,0146;0,5765;0,1140;7,9053;12,3992;7,9053;6,2170;0,0278;0,0107;0,0070
0.011101841926574707;0.011101841926574707;0.033961087465286255;0,0253;0,0026;0,0207;0,0174;0,3460;0,3460;0,3729;0,0075;0,0048;0,0047;0,0028;7,9100;24,6284;7,9100;6,2423;5,4480;0,0114;5,0924
0.011101841926574707;0.011101841926574707;0.025433003902435303;0,0283;0,0213;0,0171;0,0161;0,3475;0,4483;0,3475;0,0096;0,0053;0,0019;0,0016;7,9521;15,4480;7,9521;4,7446;0,0266;1,9732;1,8174
0.011101841926574707;0.011101841926574707;0.030841082334518433;0,0174;0,0156;0,0156;0,0150;0,3478;0,3478;0,4245;0,0042;0,5100;0,0022;0,0144;7,9865;13,5739;7,9865;8,3612;6,7172;5,2755;0,0306
0.011101841926574707;0.011101841926574707;0.0451168417930603;0,0149;0,0119;0,0107;0,0097;0,3479;0,3479;0,5152;0,0227;0,0128;0,9504;0,0123;8,0448;15,7230;8,0448;4,0522;0,0064;3,6792;3,5123
0.011101841926574707;0.011101841926574707;0.037606507539749146;0,0223;0,0184;0,0160;0,0142;0,3482;0,3540;0,3482;0,0440;0,6883;0,0017;0,0019;8,0610;16,5886;8,0610;5,7847;0,0176;2,9889;0,0035
0.011400192975997925;0.011400192975997925;0.03658163547515869;0,0325;0,0273;0,0248;0,0236;0,3496;0,3496;0,4030;1,0513;1,0553;0,0029;0,9275;8,0939;13,3560;8,0939;7,6819;7,1332;5,8254;5,6381
0.011400192975997925;0.011400192975997925;0.029165983200073242;0,0225;0,0201;0,0190;0,0180;0,3505;0,3600;0,3505;0,0324;0,3723;0,4695;0,0046;8,1328;10,9794;8,1328;4,4066;3,9152;3,3459;3,2522
0.011400192975997925;0.011400192975997925;0.04747769236564636;0,0141;0,0117;0,0108;0,0112;0,3513;0,3513;0,5266;0,0024;0,0232;0,6221;0,5226;8,1729;26,6440;8,1729;4,8618;4,2262;0,0208;0,1053
0.011400192975997925;0.011400192975997925;0.034147173166275024;0,0289;0,0284;0,0246;0,0225;0,3514;0,3688;0,3514;0,0307;0,0082;0,4590;0,0022;8,2050;12,3809;8,2050;5,4377;4,1400;0,0432;3,3366
0.011400192975997925;0.011400192975997925;0.031843990087509155;0,0222;0,0158;0,0133;0,0114;0,3543;0,3543;0,3659;0,0139;0,0597;0,0243;0,8445;8,2395;18,9258;8,2395;5,4383;5,0322;4,9324;4,3677
0.011401116847991943;0.011401116847991943;0.03368599712848663;0,0065;0,0143;0,0129;0,0121;0,3556;0,3556;0,3738;0,0134;0,0048;0,0130;0,0026;8,2582;22,4596;8,2582;0,0162;5,6504;4,9536;4,9587
0.011401891708374023;0.011401891708374023;0.03827261924743652;0,0291;0,0059;0,0019;0,0200;0,3571;0,3762;0,3571;0,0079;0,0152;0,0077;0,0103;8,3047;14,3597;8,3047;4,9169;4,2820;3,9320;3,3021
0.011401891708374023;0.011401891708374023;0.028711676597595215;0,0166;0,0147;0,0111;0,0099;0,3575;0,3575;0,4720;1,1564;1,1564;0,5443;0,9613;8,3372;21,0908;8,3372;5,9578;0,0183;0,0145;3,9349
0.01170019805431366;0.01170019805431366;0.04823818802833557;0,0192;0,0172;0,0040;0,0155;0,3578;0,5512;0,3578;0,7307;0,6385;0,0379;0,6128;8,5004;11,2544;8,5004;3,7631;0,0084;0,0051;2,5906
0.01170019805431366;0.01170019805431366;0.05096668004989624;0,0252;0,0249;0,0242;0,0215;0,3585;0,3738;0,3585;0,0037;0,0085;0,3557;0,0030;8,5089;33,9473;8,5089;6,7981;6,1725;5,1347;0,0241
0.01170019805431366;0.01170019805431366;0.031624823808670044;0,0196;0,0192;0,0026;0,0174;0,3590;0,3904;0,3590;0,0268;0,0385;0,0013;0,0302;8,5294;27,9507;8,5294;7,3924;5,4327;4,8259;0,0167
0.01170019805431366;0.01170019805431366;0.03728353977203369;0,0166;0,0152;0,0151;0,0142;0,3602;0,3602;0,5662;0,6972;0,6450;0,6482;0,0023;8,5417;25,4918;8,5417;7,8000;5,8234;5,2353;4,2597
0.01170019805431366;0.01170019805431366;0.04069593548774719;0,0256;0,0220;0,0237;0,0213;0,3617;0,3899;0,3617;0,0074;0,5025;0,0065;0,2291;8,6021;12,4315;8,6021;3,8294;0,0146;0,0130;2,7979
0.01170019805431366;0.01170019805431366;0.0;0,0236;0,0236;0,0208;0,0192;0,3633;0,4065;0,3633;0,0032;0,7637;0,0043;0,0055;8,6174;13,8779;8,6174;7,2160;0,0285;5,6616;4,8602
0.01170019805431366;0.01170019805431366;0.03060770034790039;0,0201;0,0183;0,0174;0,0151;0,3646;0,5227;0,3646;0,0012;0,0113;0,0025;0,0018;8,6410;17,1218;8,6410;7,8758;7,0544;6,0559;5,3629
0.01170019805431366;0.01170019805431366;0.031325697898864746;0,0156;0,0135;0,0133;0,0122;0,3655;0,3655;0,4625;0,6615;0,6603;0,0186;0,5189;8,7031;16,2574;8,7031;0,0166;3,4497;4,0342;0,0259
0.01170116662979126;0.01170116662979126;0.02157527208328247;0,0130;0,0070;0,0060;0,0045;0,3667;0,3803;0,3667;0,0075;0,0220;0,0068;0,0051;8,7063;9,9336;8,7063;0,0055;0,0083;0,0117;0,0114
0.01170194149017334;0.01170194149017334;0.03464671969413757;0,0339;0,0325;0,0308;0,0289;0,3669;0,4380;0,3669;0,0138;0,0055;0,0126;0,0085;8,7140;16,9529;8,7140;8,4197;7,5240;6,9243;6,4394
0.01170194149017334;0.01170194149017334;0.03833365440368652;0,0186;0,0174;0,0173;0,0168;0,3670;0,3920;0,3670;0,6599;0,2267;0,5954;0,5483;8,7733;16,6491;8,7733;7,4317;6,7431;5,8516;0,0105
0.012000203132629395;0.012000203132629395;0.030597537755966187;0,0149;0,0114;0,0099;0,0041;0,3699;0,3699;0,4374;0,0078;1,0725;0,0131;0,0234;8,7735;17,1952;8,7735;2,2845;1,4421;0,0254;0,0156
0.012000203132629395;0.012000203132629395;0.03458103537559509;0,0287;0,0269;0,0263;0,0252;0,3701;0,3701;0,3862;0,8553;0,8246;0,0040;0,0007;8,7780;16,2895;8,7780;3,9723;3,1482;2,5718;2,7445
0.012000203132629395;0.012000203132629395;0.051587432622909546;0,0339;0,0330;0,0307;0,0304;0,3708;0,3834;0,3708;0,9723;0,0057;0,0007;0,0074;8,8214;14,6240;8,8214;5,1873;4,5521;0,0508;4,0424
0.012000203132629395;0.012000203132629395;0.0372387170791626;0,0114;0,0099;0,0070;0,0080;0,3728;0,3789;0,3728;0,0071;0,0080;0,0187;0,0060;8,8936;14,0541;8,8936;4,7363;0,1421;3,7590;3,4548
0.01230020821094513;0.01230020821094513;0.03995203971862793;0,0303;0,0257;0,0257;0,0214;0,3761;0,6391;0,3761;1,1564;1,1405;0,0129;1,0965;8,9743;17,5905;8,9743;5,5313;5,1679;4,3059;3,9337
0.01230020821094513;0.01230020821094513;0.0342806875705719;0,0306;0,0215;0,0028;0,0202;0,3772;0,3772;0,5827;0,0097;0,8067;0,0051;0,0142;9,0836;9,0836;9,4769;0,0529;3,7652;0,0040;0,0030
0.01230020821094513;0.01230020821094513;0.05041027069091797;0,0258;0,0214;0,0220;0,0215;0,3800;0,4249;0,3800;1,1324;0,0145;0,0089;0,0142;9,0841;17,1305;9,0841;5,2840;5,3535;4,7804;4,5572
0.01230020821094513;0.01230020821094513;0.04044726490974426;0,0230;0,0217;0,0201;0,0204;0,3803;0,3803;0,3895;0,6948;0,0023;0,2772;0,0063;9,1253;9,1253;10,1432;5,8703;4,8820;2,8155;0,0116
0.012302041053771973;0.012302041053771973;0.0512198805809021;0,0285;0,0026;0,0231;0,0210;0,3812;0,3812;0,5182;0,0041;0,0055;0,0030;0,0127;9,1460;14,3908;9,1460;7,9480;0,0203;0,0170;0,0027
0.01259961724281311;0.01259961724281311;0.034867703914642334;0,0209;0,0017;0,0172;0,0170;0,3817;0,3817;0,3867;0,6876;0,0090;0,0292;0,0042;9,2756;21,5973;9,2756;7,0884;5,5782;0,0209;4,4454
0.012601315975189209;0.012601315975189209;0.0496540367603302;0,0378;0,0355;0,0293;0,0272;0,3818;0,3826;0,3818;1,1118;0,0526;0,0151;0,0150;9,3339;15,2979;9,3339;9,6209;8,5505;6,8719;6,7312
0.012602090835571289;0.012602090835571289;0.03817927837371826;0,0434;0,0341;0,0063;0,0299;0,3821;0,4602;0,3821;0,6973;0,0116;0,0059;0,0157;9,4606;9,4606;10,8745;8,4322;8,2908;0,0276;0,0579
0.012900218367576599;0.012900218367576599;0.03329998254776001;0,0206;0,0204;0,0190;0,0167;0,3826;0,5036;0,3826;0,9911;0,0092;0,0673;0,0240;9,4740;20,0848;9,4740;5,6891;5,0556;0,0160;0,0097
0.012900218367576599;0.012900218367576599;0.03592158108949661;0,0230;0,0191;0,0151;0,0154;0,3842;0,3842;0,6558;0,7945;0,0436;0,7221;0,0088;9,5041;13,0596;9,5041;7,6284;0,1056;6,2214;5,6317
0.012902140617370605;0.012902140617370605;0.04279187321662903;0,0254;0,0232;0,0227;0,0221;0,3849;0,4118;0,3849;0,0041;0,7989;0,0063;0,6077;9,5588;13,5532;9,5588;5,2603;2,5808;4,6598;0,0099
0.012902140617370605;0.012902140617370605;0.028873801231384277;0,0275;0,0267;0,0206;0,0181;0,3853;0,6391;0,3853;1,1564;0,1365;1,1564;0,0078;9,6560;31,4557;9,6560;9,6756;9,8086;8,5604;7,7650
0.012902140617370605;0.012902140617370605;0.029837846755981445;0,0224;0,0206;0,0162;0,0188;0,3864;0,4832;0,3864;0,0045;0,0045;0,0095;0,0537;9,6962;12,3131;9,6962;5,5116;5,9969;3,4733;2,6256
0.013200223445892334;0.013200223445892334;0.02887532114982605;0,0202;0,0198;0,0185;0,0175;0,3871;0,4329;0,3871;1,0593;0,0208;0,8523;0,0163;9,7138;14,2600;9,7138;4,4793;4,0798;3,4287;3,2425
0.013200223445892334;0.013200223445892334;0.023000244051218033;0,0208;0,0200;0,0120;0,0099;0,3888;0,3888;0,4536;0,1985;0,0108;0,0029;0,0034;9,7434;17,2889;9,7434;6,1585;5,5203;4,7223;4,2189
0.013200223445892334;0.013200223445892334;0.038014382123947144;0,0498;0,0482;0,0294;0,0313;0,3891;0,4831;0,3891;0,9859;0,0104;0,0112;0,0056;9,8220;16,4939;9,8220;8,3972;7,6908;6,4315;6,2331
0.013200223445892334;0.013200223445892334;0.03699703514575958;0,0022;0,0168;0,0165;0,0158;0,3913;0,4604;0,3913;1,1564;0,0119;1,1089;0,0484;10,1251;26,9406;10,1251;8,3946;7,3861;6,7466;6,3426
0.013200223445892334;0.013200223445892334;0.045771658420562744;0,0166;0,0058;0,0157;0,0139;0,3914;0,4429;0,3914;0,0060;0,0022;0,0071;0,0023;10,2097;17,2649;10,2097;7,4240;6,5783;0,0727;5,2096
0.013200223445892334;0.013200223445892334;0.029680252075195312;0,0222;0,0202;0,0161;0,0154;0,3915;0,4899;0,3915;0,0167;0,9027;0,1784;0,5923;10,2935;24,6523;10,2935;6,1356;6,7200;0,0185;4,7343
0.013200223445892334;0.013200223445892334;0.029103964567184448;0,0264;0,0262;0,0239;0,0229;0,3943;0,3943;0,4945;0,0071;0,0036;0,0675;0,0082;10,3181;19,6712;10,3181;7,4755;6,1342;5,6434;4,7998
0.013201415538787842;0.013201415538787842;0.055135443806648254;0,0153;0,0151;0,0148;0,0144;0,3973;0,4561;0,3973;0,8399;0,0752;0,8033;0,7777;10,3280;10,3280;10,5931;3,0158;2,5045;2,0024;2,1083
0.013201415538787842;0.013201415538787842;0.037037044763565063;0,0220;0,0260;0,0192;0,0191;0,4000;0,4293;0,4000;1,1231;0,0361;0,0276;0,9301;10,4000;15,3370;10,4000;9,1080;8,2729;0,1689;6,5579
0.013202190399169922;0.013202190399169922;0.034422099590301514;0,0313;0,0202;0,0193;0,0172;0,4010;0,4010;0,4804;0,0041;0,0138;0,0135;0,4446;10,5097;18,3310;10,5097;8,0092;7,2495;6,0552;6,0774
0.013500228524208069;0.013500228524208069;0.032699137926101685;0,0237;0,0231;0,0213;0,0220;0,4021;0,4202;0,4021;0,0102;0,0092;0,0042;0,0014;10,6190;29,1724;10,6190;4,5491;4,3048;4,0480;3,7668
0.013500228524208069;0.013500228524208069;0.037980347871780396;0,0308;0,0294;0,0297;0,0273;0,4039;0,4985;0,4039;0,8567;0,0276;0,0071;0,0020;10,6963;29,7826;10,6963;5,6685;5,1387;4,9618;4,6635
0.013500228524208069;0.013500228524208069;0.026897937059402466;0,0317;0,0243;0,0242;0,0187;0,4047;0,4682;0,4047;1,1564;0,7701;0,0073;0,8152;10,8088;13,5612;10,8088;6,4534;5,7227;4,4629;4,6706
0.013500228524208069;0.013500228524208069;0.030140623450279236;0,0200;0,0190;0,0192;0,0167;0,4055;0,4272;0,4055;0,5448;0,0048;0,0107;0,0070;10,8769;10,8769;12,3349;5,8506;3,4152;4,5015;0,0121
0.013500228524208069;0.013500228524208069;0.05773809552192688;0,0322;0,0022;0,0304;0,0296;0,4086;0,4086;0,4996;0,6286;0,0223;0,1964;0,0213;10,8826;31,2701;10,8826;8,7343;7,9296;7,0890;6,3895
0.013500228524208069;0.013500228524208069;0.033130764961242676;0,0237;0,0234;0,0225;0,0221;0,4101;0,5065;0,4101;1,1564;0,0053;1,1026;0,2279;10,9232;15,0940;10,9232;5,1657;0,0578;4,1702;0,0055
0.013502240180969238;0.013502240180969238;0.03859703242778778;0,0154;0,0150;0,0148;0,0134;0,4105;0,4105;0,4603;0,0082;0,0042;0,0023;0,0067;11,0057;13,7384;11,0057;2,6499;5,2190;4,5213;0,0268
0.013502240180969238;0.013502240180969238;0.03942757844924927;0,0219;0,0208;0,0084;0,0183;0,4162;0,4708;0,4162;0,0741;0,0061;0,0056;0,0070;11,0319;18,4714;11,0319;5,2623;4,6841;4,1049;3,4584
0.013800233602523804;0.013800233602523804;0.03587472438812256;0,0217;0,0192;0,0177;0,0175;0,4171;0,6104;0,4171;0,9932;0,9999;0,0126;0,0014;11,0550;13,9017;11,0550;8,1577;7,5627;0,0349;0,0046
0.013800233602523804;0.013800233602523804;0.028401732444763184;0,0254;0,0246;0,0229;0,0220;0,4186;0,4412;0,4186;0,0127;0,5830;0,0633;0,0170;11,1087;15,6363;11,1087;6,4981;4,8664;0,0115;4,1579
0.013800233602523804;0.013800233602523804;0.038188159465789795;0,0244;0,0246;0,0089;0,0217;0,4186;0,7019;0,4186;0,0236;0,0066;0,0104;0,6762;11,1967;21,3677;11,1967;4,1202;4,4488;3,4858;3,4567
0.013802289962768555;0.013802289962768555;0.04727797210216522;0,0188;0,0180;0,0165;0,0169;0,4188;0,4188;0,6691;0,0183;0,0145;1,1564;0,0052;11,2677;16,5453;11,2677;6,9964;0,0101;0,0125;3,7847
0.013802289962768555;0.013802289962768555;0.06572508811950684;0,0244;0,0231;0,0228;0,0213;0,4192;0,4192;0,4221;0,0092;0,0026;0,0059;0,0080;11,3019;14,2537;11,3019;5,8284;5,8158;5,0741;4,7892
0.014100238680839539;0.014100238680839539;0.03416937589645386;0,0199;0,0204;0,0150;0,0129;0,4224;0,4224;0,6071;0,0273;0,0029;0,0351;0,7550;11,3216;25,0327;11,3216;9,1805;8,1037;7,1318;6,1527
0.014100238680839539;0.014100238680839539;0.055355533957481384;0,0293;0,0274;0,0136;0,0197;0,4249;0,4313;0,4249;0,0029;0,6940;0,1864;0,0040;11,3482;15,0189;11,3482;9,4315;7,5303;6,4602;6,0114
0.014100238680839539;0.014100238680839539;0.040975868701934814;0,0216;0,0208;0,0200;0,0193;0,4276;0,5274;0,4276;0,0083;0,0103;0,5032;0,0066;11,3985;13,3140;11,3985;5,7995;0,0193;5,4330;4,9796
0.014100238680839539;0.014100238680839539;0.03532826900482178;0,0300;0,0274;0,0215;0,0219;0,4278;0,5042;0,4278;0,8330;0,0122;0,0114;0,0129;11,4288;23,3766;11,4288;4,7362;5,5028;4,3758;4,1052
0.014100238680839539;0.014100238680839539;0.030032649636268616;0,0287;0,0243;0,0221;0,0191;0,4283;0,8094;0,4283;1,0629;1,0147;0,0309;0,0064;11,4544;19,4171;11,4544;7,3433;0,0042;4,8936;0,0151
0.014100238680839539;0.014100238680839539;0.041149333119392395;0,0053;0,0154;0,0275;0,0240;0,4284;0,4284;0,4967;0,0074;1,1564;1,1564;1,1564;11,4929;25,2191;11,4929;6,5419;5,7084;5,1226;4,3373
0.014102339744567871;0.014102339744567871;0.0375368595123291;0,0299;0,0293;0,0265;0,0229;0,4290;0,4290;0,6504;0,0076;0,9759;0,0135;0,0016;11,5168;26,2509;11,5168;5,1191;4,7479;0,0245;1,1381
0.014102339744567871;0.014102339744567871;0.046146780252456665;0,0337;0,0339;0,0012;0,0292;0,4294;0,4294;0,4493;0,0141;0,0065;0,0146;0,1125;11,5289;28,4279;11,5289;7,8588;5,8691;5,6056;4,9936
0.014400243759155273;0.014400243759155273;0.04063943028450012;0,0249;0,0233;0,0217;0,0214;0,4307;0,4953;0,4307;0,8123;0,0075;0,0101;0,0111;11,7700;21,3375;11,7700;6,6796;6,9054;5,3169;0,0539
0.014400243759155273;0.014400243759155273;0.025898732244968414;0,0197;0,0192;0,0184;0,0177;0,4327;0,4813;0,4327;0,8880;0,0079;0,0063;0,0154;11,8379;12,7494;11,8379;3,4121;4,1836;0,0616;0,0036
0.014400243759155273;0.014400243759155273;0.0;0,0048;0,0279;0,0006;0,0264;0,4328;0,4328;0,4407;0,3752;0,0197;0,0028;0,0096;11,8524;16,6689;11,8524;7,0065;6,8130;6,1366;5,8709
0.014400243759155273;0.014400243759155273;0.03492552042007446;0,0238;0,0228;0,0169;0,0144;0,4334;0,4334;0,5044;1,1564;1,1126;0,0160;0,0083;11,9356;17,5638;11,9356;2,9797;0,0265;2,3942;2,3063
0.014400243759155273;0.014400243759155273;0.04804633557796478;0,0268;0,0240;0,0245;0,0220;0,4342;0,4342;0,4785;0,0101;0,0088;0,5722;0,0077;11,9900;47,2815;11,9900;9,3674;8,3122;7,7266;7,0600
0.014402389526367188;0.014402389526367188;0.032401829957962036;0,0160;0,0144;0,0144;0,0136;0,4359;0,4646;0,4359;0,0103;0,0020;0,0568;0,0015;12,0387;18,6255;12,0387;9,6906;8,4794;8,1359;7,6517
0.014700248837471008;0.014700248837471008;0.041703611612319946;0,0246;0,0245;0,0237;0,0211;0,4440;0,4791;0,4440;0,0164;0,0099;0,0358;0,0039;12,0635;19,0199;12,0635;7,2092;6,4960;5,4516;5,0305
0.014700248837471008;0.014700248837471008;0.033417701721191406;0,0224;0,0204;0,0163;0,0156;0,4441;0,4619;0,4441;0,0041;0,5198;0,5016;0,0081;12,0833;14,6483;12,0833;9,0686;8,4905;7,7083;7,0968
0.014700248837471008;0.014700248837471008;0.03384760022163391;0,0245;0,0228;0,0031;0,0196;0,4447;0,4661;0,4447;0,9480;0,0176;0,0034;0,0013;12,1681;18,9011;12,1681;0,0738;5,5294;5,1083;4,1655
0.014700248837471008;0.014700248837471008;0.03832539916038513;0,0212;0,0198;0,0161;0,0175;0,4468;0,5204;0,4468;0,9337;0,0068;0,9001;0,8754;12,1844;16,2182;12,1844;4,8543;4,5810;3,8672;3,5951
0.014700248837471008;0.014700248837471008;0.034497663378715515;0,0257;0,0238;0,0234;0,0229;0,4475;0,4475;0,5397;1,1564;0,0222;0,0016;0,0038;12,2978;21,5376;12,2978;6,8991;5,7864;0,0205;4,3479
0.014700248837471008;0.014700248837471008;0.03665545582771301;0,0272;0,0227;0,0213;0,0204;0,4486;0,4642;0,4486;0,7267;0,6829;0,0264;0,6501;12,3059;13,9642;12,3059;3,8281;3,2740;1,9453;2,5754
0.014702439308166504;0.014702439308166504;0.06908342242240906;0,0373;0,0366;0,0024;0,0324;0,4489;0,6507;0,4489;1,0936;0,0430;0,0036;0,0059;12,3584;14,0829;12,3584;3,5315;2,2337;2,7631;2,6196
0.014702439308166504;0.014702439308166504;0.05071479082107544;0,0277;0,0248;0,0238;0,0221;0,4601;0,4727;0,4601;1,0597;0,0299;1,0238;0,0585;12,3623;12,3623;17,9245;4,4775;0,0248;3,0615;2,6051
0.015000253915786743;0.015000253915786743;0.04251617193222046;0,0363;0,0349;0,0320;0,0301;0,4611;0,4611;0,5011;1,1564;1,1564;0,0144;1,1564;12,4185;15,8612;12,4185;7,0338;6,4292;5,8341;5,3033
0.01500093936920166;0.01500093936920166;0.04028666019439697;0,0213;0,0193;0,0186;0,0179;0,4632;0,5947;0,4632;0,9164;0,8891;0,8562;0,0111;12,4267;21,8535;12,4267;3,8606;0,0330;2,0584;2,3209
0.01500248908996582;0.01500248908996582;0.04419639706611633;0,0204;0,0192;0,0175;0,0170;0,4635;0,4635;0,5224;1,1564;1,0204;0,0063;0,0041;12,4278;16,0666;12,4278;4,2776;3,4304;2,9154;2,4985
0.01500248908996582;0.01500248908996582;0.06199273467063904;0,0272;0,0256;0,0236;0,0214;0,4655;0,4655;0,5104;0,9281;0,0118;0,8226;0,0192;12,4419;21,8575;12,4419;10,7044;9,2728;6,7703;6,3666
0.015302538871765137;0.015302538871765137;0.03489825129508972;0,0239;0,0228;0,0220;0,0206;0,4663;0,5317;0,4663;0,7187;0,6340;0,0073;0,0037;12,5248;17,2281;12,5248;5,9958;5,0420;4,3759;4,1292
0.015302538871765137;0.015302538871765137;0.03670555353164673;0,0283;0,0257;0,0214;0,0219;0,4694;0,4694;0,4899;0,0061;0,7835;0,0019;0,6762;12,5682;17,6775;12,5682;3,5130;3,3828;3,0532;2,8506
0.015302538871765137;0.015302538871765137;0.042748332023620605;0,0342;0,0329;0,0017;0,0288;0,4700;0,5220;0,4700;1,0070;0,9504;0,9153;0,0139;12,5955;18,0045;12,5955;4,8337;0,0082;0,0295;2,8950
0.015302538871765137;0.015302538871765137;0.05483764410018921;0,0410;0,0379;0,0374;0,0339;0,4710;0,4710;0,7335;0,0040;1,1564;0,0072;0,0167;12,6218;22,7092;12,6218;9,0173;9,8539;9,1714;8,3322
0.015600264072418213;0.015600264072418213;0.04428432881832123;0,0288;0,0280;0,0260;0,0253;0,4711;0,5176;0,4711;0,8804;0,8405;0,0534;0,0413;12,6319;57,9008;12,6319;10,3914;8,5777;7,3749;0,0602
0.015600264072418213;0.015600264072418213;0.026697367429733276;0,0186;0,0178;0,0168;0,0164;0,4763;0,6570;0,4763;0,0128;0,0342;1,0584;0,0042;12,7027;24,0284;12,7027;5,7913;6,0141;5,3047;4,7433
0.015600264072418213;0.015600264072418213;0.0;0,0347;0,0327;0,0245;0,0199;0,4763;0,4763;0,4912;0,0025;0,0012;0,0082;0,0137;12,7596;18,0691;12,7596;6,2261;4,2436;3,9525;0,0028
0.015600264072418213;0.015600264072418213;0.030797868967056274;0,0380;0,0357;0,0330;0,0318;0,4765;0,8016;0,4765;0,0129;0,0482;0,0064;0,9374;12,8258;37,9890;12,8258;6,5563;5,2853;4,3024;4,4186
0.015600264072418213;0.015600264072418213;0.04990118741989136;0,0340;0,0337;0,0311;0,0271;0,4773;0,5024;0,4773;1,0879;1,0298;0,0166;0,8581;12,8818;19,9514;12,8818;0,0262;0,0159;4,8196;0,0146
0.015600264072418213;0.015600264072418213;0.059917449951171875;0,0259;0,0253;0,0244;0,0235;0,4802;0,4802;0,5301;0,0145;0,0133;0,0066;0,0029;12,9797;21,3314;12,9797;7,8145;0,0189;0,0539;3,2076
0.015602588653564453;0.015602588653564453;0.03507035970687866;0,0237;0,0222;0,0208;0,0204;0,4820;0,5322;0,4820;0,9576;0,0192;0,0252;0,0062;13,0093;15,4841;13,0093;5,6320;5,3337;4,8232;4,2785
0.015900269150733948;0.015900269150733948;0.03185677528381348;0,0300;0,0293;0,0276;0,0260;0,4821;0,5530;0,4821;1,1093;1,0482;0,0075;0,0093;13,0457;19,8858;13,0457;7,4137;8,4071;7,1727;5,7615
0.01590263843536377;0.01590263843536377;0.03856053948402405;0,0270;0,0239;0,0213;0,0057;0,4825;0,4825;0,5155;1,1564;1,1564;1,1564;0,6604;13,0847;16,7082;13,0847;6,8916;6,2304;5,8678;5,2735
0.016200274229049683;0.016200274229049683;0.06674183160066605;0,0329;0,0322;0,0316;0,0301;0,4825;0,4825;0,4931;0,8155;0,8117;0,6110;0,7097;13,1735;14,1393;13,1735;4,3212;3,9801;0,0400;3,2830
0.016200274229049683;0.016200274229049683;0.05606997013092041;0,0498;0,0485;0,0475;0,0463;0,4832;0,4832;0,5274;1,1184;0,0105;0,7809;0,0562;13,2020;18,6319;13,2020;7,3121;6,4504;0,0179;5,9203
0.016200274229049683;0.016200274229049683;0.03752422332763672;0,0245;0,0239;0,0230;0,0215;0,4837;0,4837;0,5582;0,0079;0,0129;0,0017;0,0151;13,2211;13,2211;13,8980;8,1196;8,0759;7,0376;6,2216
0.016202688217163086;0.016202688217163086;0.040740370750427246;0,0269;0,0259;0,0237;0,0234;0,4843;0,5393;0,4843;0,0032;0,0116;0,0043;0,0029;13,2674;17,6392;13,2674;7,8789;6,5043;6,2385;5,6483
0.016500279307365417;0.016500279307365417;0.03587666153907776;0,0256;0,0231;0,0222;0,0207;0,4860;0,5172;0,4860;1,1564;0,0079;0,8335;0,0053;13,3119;19,4047;13,3119;8,1113;6,9756;6,2557;5,5339
0.016500279307365417;0.016500279307365417;0.04771864414215088;0,0211;0,0216;0,0202;0,0184;0,4880;0,5294;0,4880;0,0135;0,9308;0,0145;0,9225;13,3382;25,1024;13,3382;0,0122;0,0557;0,7774;4,6427
0.016800284385681152;0.016800284385681152;0.06062941253185272;0,0233;0,0223;0,0219;0,0211;0,4886;0,6039;0,4886;0,0257;0,0145;0,4484;0,0052;13,3836;19,7883;13,3836;6,5469;7,1982;6,8425;6,3420
0.016800284385681152;0.016800284385681152;0.04436659812927246;0,0229;0,0218;0,0208;0,0197;0,4888;0,4888;0,5330;1,1352;0,0106;0,0039;0,0106;13,4389;19,1054;13,4389;7,4299;7,3586;0,0634;5,8811
0.016800284385681152;0.016800284385681152;0.04899388551712036;0,0223;0,0075;0,0199;0,0187;0,4891;0,4891;0,5341;0,9638;0,8461;0,9061;0,8703;13,4598;32,3562;13,4598;5,7547;5,7659;4,8607;4,5950
0.016800284385681152;0.016800284385681152;0.043140262365341187;0,0261;0,0241;0,0238;0,0216;0,4897;0,4935;0,4897;0,0124;0,0113;0,0208;0,9694;13,4719;19,1876;13,4719;0,0165;2,8304;0,0325;2,2339
0.01680123805999756;0.01680123805999756;0.04744759202003479;0,0313;0,0271;0,0273;0,0244;0,4909;0,4909;0,5061;0,0221;0,0290;0,0291;0,8318;13,5251;35,6505;13,5251;11,2073;0,0338;9,6717;8,5986
0.01680278778076172;0.01680278778076172;0.05002155900001526;0,0421;0,0403;0,0025;0,0321;0,4941;0,4941;0,5713;0,0265;0,0290;0,0015;0,5061;13,5566;34,8449;13,5566;6,3138;5,8263;1,2909;0,0071
0.01680278778076172;0.01680278778076172;0.05013015866279602;0,0170;0,0343;0,0311;0,0302;0,4970;0,4999;0,4970;0,0392;0,0080;0,0064;1,0398;13,5626;30,3049;13,5626;7,0769;6,1742;5,3240;4,8246
0.01680278778076172;0.01680278778076172;0.048669397830963135;0,0306;0,0288;0,0287;0,0243;0,4988;0,4988;0,6900;1,1564;0,0127;0,0195;1,1564;13,6236;23,9445;13,6236;10,0995;9,5159;3,9833;7,1412
0.017100512981414795;0.017100512981414795;0.05090096592903137;0,0334;0,0282;0,0282;0,0265;0,5005;0,5005;0,5669;0,0259;0,0072;0,0280;0,0084;13,6532;27,4945;13,6532;5,1876;4,6378;3,9543;4,0186
0.017102837562561035;0.017102837562561035;0.03436124324798584;0,0261;0,0233;0,0238;0,0224;0,5040;0,5040;0,5146;1,1564;1,1564;0,0213;0,9996;13,7662;20,2640;13,7662;5,7866;4,3674;4,4956;4,1166
0.017102837562561035;0.017102837562561035;0.04692378640174866;0,0339;0,0320;0,0311;0,0286;0,5054;0,5054;0,5063;0,0040;0,0065;0,0059;0,0030;13,8055;16,4225;13,8055;8,0528;6,9601;6,0162;6,0869
0.017400294542312622;0.017400294542312622;0.06044822931289673;0,0408;0,0403;0,0380;0,0356;0,5076;0,5838;0,5076;1,0468;0,9314;0,0027;0,8006;13,9224;17,1170;13,9224;7,0142;5,7273;0,0151;0,0138
0.017400294542312622;0.017400294542312622;0.0619732141494751;0,0425;0,0428;0,0393;0,0372;0,5080;0,5126;0,5080;1,1564;1,1564;0,0134;1,1564;13,9962;27,9775;13,9962;5,7918;5,9372;4,9583;4,6701
0.01740211248397827;0.01740211248397827;0.04047311842441559;0,0037;0,0375;0,0360;0,0009;0,5092;0,6521;0,5092;0,0144;0,0335;1,1564;0,0039;14,0355;16,6127;14,0355;19,4529;17,4842;16,7002;14,3918
0.01740288734436035;0.01740288734436035;0.04950636625289917;0,0385;0,0342;0,0328;0,0306;0,5096;0,5096;0,5238;0,0153;0,0083;0,4516;0,6022;14,0975;17,3448;14,0975;0,0433;6,7379;6,1634;0,0220
0.01740288734436035;0.01740288734436035;0.04936137795448303;0,0020;0,0406;0,0321;0,0306;0,5101;0,5658;0,5101;0,0152;0,0077;0,0542;0,0105;14,1949;20,6604;14,1949;6,9155;5,9979;5,5681;0,0073
0.017700299620628357;0.017700299620628357;0.03660592436790466;0,0297;0,0284;0,0278;0,0265;0,5179;0,5799;0,5179;0,0397;0,6903;0,6444;0,6989;14,2010;19,1406;14,2010;4,8441;4,4398;3,7966;3,4776
0.017700299620628357;0.017700299620628357;0.04841136932373047;0,0204;0,0187;0,0175;0,0165;0,5206;0,6275;0,5206;0,9863;0,0146;0,8562;0,6814;14,6077;20,9931;14,6077;9,4333;8,8221;6,3555;5,5168
0.017702937126159668;0.017702937126159668;0.04546806216239929;0,0257;0,0254;0,0238;0,0226;0,5267;0,6714;0,5267;0,0249;0,0177;0,2530;0,0135;14,6239;18,7024;14,6239;5,7788;5,3247;5,7240;0,0274
0.018000304698944092;0.018000304698944092;0.047110527753829956;0,0227;0,0217;0,0182;0,0179;0,5270;0,6872;0,5270;0,0019;0,0074;0,6946;0,7328;14,7435;23,9994;14,7435;9,9491;8,8028;8,0622;6,9766
0.018002212047576904;0.018002212047576904;0.035371363162994385;0,0259;0,0240;0,0244;0,0210;0,5282;0,5282;0,7628;0,8096;1,1564;0,1236;1,1564;14,7739;14,8297;14,7739;6,2897;5,9951;0,0314;4,5607
0.018002986907958984;0.018002986907958984;0.034968629479408264;0,0370;0,0323;0,0325;0,0319;0,5283;0,5756;0,5283;0,0081;0,0365;0,0247;0,0285;14,7740;14,7740;16,7039;6,7057;5,9979;5,8408;0,0381
0.0183030366897583;0.0183030366897583;0.05441641807556152;0,0363;0,0389;0,0063;0,0257;0,5365;0,6444;0,5365;0,0257;0,0177;0,3750;0,8831;14,8367;35,6511;14,8367;9,3914;7,9758;7,3464;7,0180
0.01860031485557556;0.01860031485557556;0.0425175279378891;0,0185;0,0184;0,0169;0,0161;0,5373;0,5373;0,5399;0,9576;0,8638;0,0058;0,0073;14,8652;26,1092;14,8652;6,5551;6,6760;5,9053;0,0311
0.01860031485557556;0.01860031485557556;0.03847312927246094;0,0293;0,0298;0,0282;0,0272;0,5402;0,5986;0,5402;0,0105;1,1564;1,1564;1,1508;14,9287;14,9287;17,2274;6,1308;0,0264;0,0043;0,0781
0.018601536750793457;0.018601536750793457;0.03743824362754822;0,0253;0,0243;0,0234;0,0228;0,5408;0,5408;0,6505;1,1564;1,1564;1,1564;0,0218;14,9310;22,6833;14,9310;7,6767;6,0972;5,6346;5,0905
0.018602311611175537;0.018602311611175537;0.052014172077178955;0,0279;0,0283;0,0027;0,0217;0,5412;0,7765;0,5412;1,0454;0,9819;1,0014;0,0393;15,1502;16,3393;15,1502;8,7725;8,2031;6,9783;6,5876
0.018602311611175537;0.018602311611175537;0.03850388526916504;0,0332;0,0307;0,0295;0,0272;0,5427;0,5772;0,5427;0,8940;0,8795;0,5692;0,8095;15,1687;46,7776;15,1687;10,2228;10,0453;8,2436;8,0482
0.018603086471557617;0.018603086471557617;0.05216684937477112;0,0339;0,0311;0,0306;0,0277;0,5443;0,5873;0,5443;1,1564;1,1564;1,1564;1,1564;15,1836;17,5287;15,1836;4,8696;4,2112;3,9804;0,0104
0.018900319933891296;0.018900319933891296;0.05320459604263306;0,0357;0,0346;0,0351;0,0144;0,5530;0,6207;0,5530;1,0398;1,0270;0,0211;0,9457;15,1984;20,8132;15,1984;7,6961;6,6988;0,0342;0,0496
0.018903136253356934;0.018903136253356934;0.06118816137313843;0,0029;0,0377;0,0363;0,0028;0,5539;0,6132;0,5539;0,0074;0,0161;0,0268;0,8452;15,4409;18,8032;15,4409;7,2952;3,3877;5,0516;0,0156
0.01920032501220703;0.01920032501220703;0.03201538324356079;0,0271;0,0252;0,0229;0,0225;0,5605;0,9289;0,5605;1,1564;1,1564;0,0348;0,0156;15,6721;19,4686;15,6721;6,1330;4,9685;4,7134;3,9720
0.01920032501220703;0.01920032501220703;0.04582759737968445;0,0345;0,0333;0,0027;0,0308;0,5606;0,5606;0,9590;1,1564;1,1564;1,1564;1,1564;15,8956;20,7437;15,8956;10,4457;8,6060;6,8371;7,2172
0.01920318603515625;0.01920318603515625;0.07075962424278259;0,0401;0,0384;0,0365;0,0348;0,5630;0,6039;0,5630;0,8430;0,7833;0,0055;0,6727;16,1396;24,1683;16,1396;3,7092;0,0159;3,4177;0,0361
0.019500330090522766;0.019500330090522766;0.042150527238845825;0,0274;0,0248;0,0224;0,0192;0,5720;0,6061;0,5720;1,1564;1,1564;0,0059;0,8518;16,1843;21,1856;16,1843;9,0604;7,7963;6,8673;0,0130
0.019500330090522766;0.019500330090522766;0.048959940671920776;0,0209;0,0170;0,0182;0,0156;0,5730;0,6731;0,5730;1,1564;1,1564;1,1564;1,1564;16,2858;18,5582;16,2858;11,8429;10,3595;9,1336;8,9190
0.019500330090522766;0.019500330090522766;0.06242567300796509;0,0399;0,0393;0,0319;0,0318;0,5834;0,5834;0,8699;1,1564;1,1564;1,1564;0,9563;16,3736;16,3736;20,9121;8,5346;7,9567;6,7032;5,4476
0.019500330090522766;0.019500330090522766;0.039963990449905396;0,0263;0,0276;0,0267;0,0212;0,5835;0,5872;0,5835;0,8263;0,0306;0,6878;0,0249;16,4517;23,3829;16,4517;6,3173;6,2816;5,6704;5,4364
0.019500330090522766;0.019500330090522766;0.04540088772773743;0,0273;0,0269;0,0249;0,0256;0,5855;0,6457;0,5855;1,1564;1,1564;1,1564;0,0078;16,5551;18,3612;16,5551;6,0678;5,2704;0,0180;4,4619
0.019500330090522766;0.019500330090522766;0.04263344407081604;0,0257;0,0256;0,0256;0,0241;0,5878;0,6552;0,5878;0,0226;0,0809;0,0153;0,0149;16,6163;24,2347;16,6163;7,9676;7,3552;6,7449;6,0148
0.019503235816955566;0.019503235816955566;0.06015327572822571;0,0288;0,0192;0,0031;0,0236;0,5955;0,6384;0,5955;0,0149;0,9506;1,0510;0,0318;16,6301;40,4997;16,6301;0,0335;8,9028;8,0267;7,4641
0.019503235816955566;0.019503235816955566;0.0460548996925354;0,0201;0,0221;0,0175;0,0174;0,5961;0,5961;0,7920;1,1564;1,1564;0,0164;1,1544;16,7412;23,8329;16,7412;7,4136;5,8420;0,0104;0,0116
0.019803285598754883;0.019803285598754883;0.04643060266971588;0,0255;0,0017;0,0220;0,0196;0,6007;0,6007;0,7671;0,0041;0,0084;0,0060;0,0017;16,9662;24,2698;16,9662;8,7374;7,8495;6,8216;5,2078
0.020100340247154236;0.020100340247154236;0.04384678602218628;0,0320;0,0291;0,0279;0,0270;0,6018;0,6222;0,6018;0,7970;0,0068;0,0953;0,0039;17,0050;20,4078;17,0050;8,4089;0,0594;3,9814;5,7603
0.020401060581207275;0.020401060581207275;0.039253562688827515;0,0276;0,0264;0,0262;0,0256;0,6027;0,6027;0,6766;1,1564;0,9212;0,0237;1,1564;17,0449;18,1932;17,0449;3,9977;3,6545;3,2060;2,8352
0.020403385162353516;0.020403385162353516;0.06033775210380554;0,0360;0,0337;0,0096;0,0293;0,6181;0,6181;0,6333;1,1564;0,0565;0,7297;1,1085;17,1590;31,3406;17,1590;7,3450;6,6800;6,4675;5,8401
0.02100035548210144;0.02100035548210144;0.03607815504074097;0,0249;0,0253;0,0246;0,0240;0,6200;0,6200;0,7332;0,0568;0,8567;0,0054;0,0140;17,1659;24,5086;17,1659;6,3123;5,6972;0,1397;4,4320
0.02100035548210144;0.02100035548210144;0.0638253390789032;0,0051;0,0122;0,0070;0,0019;0,6235;0,6235;0,6600;0,9625;0,0208;0,9747;0,7894;17,1876;52,8653;17,1876;5,3374;0,0363;3,9624;4,4163
0.02100270986557007;0.02100270986557007;0.05666282773017883;0,0355;0,0308;0,0321;0,0298;0,6296;0,6654;0,6296;0,0039;0,0214;0,6993;0,0044;17,3817;24,0000;17,3817;10,5839;11,0086;10,6145;9,5185
0.02160036563873291;0.02160036563873291;0.05621722340583801;0,0417;0,0359;0,0292;0,0239;0,6303;0,7581;0,6303;0,0305;1,1098;0,9854;0,0086;17,3851;37,1181;17,3851;6,4534;5,8522;5,3326;4,7310
0.02160036563873291;0.02160036563873291;0.05532047152519226;0,0038;0,0277;0,0253;0,0243;0,6393;0,6937;0,6393;0,0289;1,1564;1,1564;0,0085;17,4051;21,6297;17,4051;9,6790;7,8870;6,8108;6,3849
0.021900370717048645;0.021900370717048645;0.053146690130233765;0,0306;0,0266;0,0267;0,0048;0,6493;0,6493;0,6908;1,1564;0,0124;1,1564;0,0071;17,6121;21,5150;17,6121;9,7264;9,7205;0,0300;7,2826
0.021903634071350098;0.021903634071350098;0.06530594825744629;0,0167;0,0422;0,0404;0,0389;0,6544;0,6544;0,7760;1,1564;0,0371;1,1564;0,0204;17,7942;26,6835;17,7942;12,7556;10,6539;10,7567;8,8350
0.022803783416748047;0.022803783416748047;0.06475552916526794;0,0303;0,0289;0,0272;0,0250;0,6562;0,7764;0,6562;1,1564;1,1564;0,0143;1,1564;17,8310;19,6852;17,8310;10,9548;9,5415;7,9039;7,4026
0.023103058338165283;0.023103058338165283;0.052983105182647705;0,0308;0,0292;0,0293;0,0289;0,6603;1,4177;0,6603;1,1564;0,0491;1,1564;0,0149;18,1492;19,3119;18,1492;7,0300;6,3682;6,2657;5,8970
0.02340039610862732;0.02340039610862732;0.04233771562576294;0,0271;0,0256;0,0244;0,0241;0,6644;0,8115;0,6644;1,1564;1,1564;1,1564;1,1564;18,3775;25,3746;18,3775;15,7132;13,7421;13,2353;12,2162
0.02340039610862732;0.02340039610862732;0.052155137062072754;0,0410;0,0404;0,0396;0,0386;0,6671;0,6671;0,6941;1,1564;1,1564;1,1564;1,1564;18,4027;31,4395;18,4027;9,9388;8,8585;8,7790;7,2713
0.024300411343574524;0.024300411343574524;0.07269418984651566;0,0113;0,0040;0,0327;0,0312;0,6712;0,8950;0,6712;1,1564;1,1564;1,1564;0,0311;18,6660;26,1062;18,6660;7,5401;6,8575;6,6791;5,7091
0.024300411343574524;0.024300411343574524;0.05673530697822571;0,0229;0,0218;0,0219;0,0213;0,6819;0,7893;0,6819;1,1564;0,0340;0,0612;0,9938;18,6948;27,6173;18,6948;6,6947;6,2956;0,2584;5,7748
0.024601757526397705;0.024601757526397705;0.052796781063079834;0,0291;0,0285;0,0276;0,0269;0,6823;0,9287;0,6823;1,1564;1,1564;1,1564;0,0557;18,8319;38,1512;18,8319;10,5440;9,2374;9,2262;9,2515
0.024603307247161865;0.024603307247161865;0.055922091007232666;0,0276;0,0262;0,0264;0,0256;0,6836;0,6923;0,6836;0,0492;0,9538;0,0491;0,8774;18,8339;30,7639;18,8339;9,7170;9,5831;8,0956;7,3551
0.0249025821685791;0.0249025821685791;0.05351892113685608;0,0329;0,0318;0,0288;0,0252;0,6903;0,7601;0,6903;0,0013;0,1363;0,0051;0,0032;19,4946;23,8381;19,4946;10,1197;10,0164;8,8767;6,7754
0.02520042657852173;0.02520042657852173;0.061053186655044556;0,0364;0,0347;0,0350;0,0332;0,6917;0,7623;0,6917;1,1564;0,0170;0,0145;0,0142;19,5406;26,2130;19,5406;6,6432;0,0133;5,5284;0,0156
0.025503456592559814;0.025503456592559814;0.04037834703922272;0,0346;0,0334;0,0325;0,0309;0,6929;0,7704;0,6929;0,0067;0,0189;1,0961;0,0227;19,6424;27,4747;19,6424;6,4894;5,9829;0,0628;0,0337
0.026100441813468933;0.026100441813468933;0.06494396924972534;0,0498;0,0498;0,0498;0,0498;0,6975;0,6975;0,7478;1,1564;0,9811;1,0112;0,9580;19,6644;25,0461;19,6644;7,1247;6,4881;6,4458;0,0310
0.026400446891784668;0.026400446891784668;0.05590429902076721;0,0370;0,0367;0,0351;0,0002;0,6993;0,6993;0,8415;0,0146;0,9160;0,0293;0,0191;19,6811;29,7356;19,6811;9,9383;7,9062;7,4528;0,0278
0.02670443058013916;0.02670443058013916;0.06534415483474731;0,0038;0,0400;0,0376;0,0059;0,7052;1,2790;0,7052;1,1564;1,1564;1,1564;0,3368;19,6876;22,5042;19,6876;3,5937;3,6674;3,4116;3,0301
0.027000457048416138;0.027000457048416138;0.07406720519065857;0,0281;0,0275;0,0270;0,0261;0,7205;0,7996;0,7205;1,1564;0,0040;0,0097;0,0061;19,7179;25,5239;19,7179;10,6971;10,5786;9,2623;8,9069
0.027000457048416138;0.027000457048416138;0.05370199680328369;0,0498;0,0068;0,0498;0,0494;0,7229;0,8468;0,7229;0,8432;0,0386;0,7901;0,7731;19,7629;33,6801;19,7629;15,2373;13,7121;12,1709;11,8890
0.027904629707336426;0.027904629707336426;0.06843984127044678;0,0405;0,0331;0,0347;0,0361;0,7336;1,1671;0,7336;1,1564;0,0454;1,1471;0,9787;20,2207;31,0173;20,2207;10,7494;10,1324;7,8912;7,3491
0.027904629707336426;0.027904629707336426;0.07132834196090698;0,0032;0,0039;0,0375;0,0357;0,7574;0,8623;0,7574;1,0939;0,0213;0,0051;0,6072;20,4265;24,9185;20,4265;5,4509;4,3192;0,0180;3,8070
0.028202354907989502;0.028202354907989502;0.0657171905040741;0,0355;0,0076;0,0338;0,0320;0,7575;0,8868;0,7575;1,1564;1,1564;1,1564;1,1564;21,2341;37,9111;21,2341;15,9167;15,8974;14,4655;13,3371
0.028204679489135742;0.028204679489135742;0.06477704644203186;0,0345;0,0148;0,0279;0,0239;0,7650;1,0958;0,7650;1,1564;0,0333;1,1564;1,1564;21,3774;21,3774;34,6543;8,4713;8,1709;7,1207;7,0581
0.02910482883453369;0.02910482883453369;0.04950958490371704;0,0393;0,0372;0,0358;0,0344;0,7697;1,0429;0,7697;1,1564;1,1564;1,1564;0,0145;21,7175;29,3623;21,7175;7,7350;0,0252;0,0270;0,0151
0.02910482883453369;0.02910482883453369;0.08375653624534607;0,0394;0,0029;0,0363;0,0020;0,7715;0,9077;0,7715;1,0276;1,0003;0,9827;0,0153;21,8461;27,7929;21,8461;9,2526;7,3803;0,0561;6,4261
0.02910482883453369;0.02910482883453369;0.07067134976387024;0,0397;0,0076;0,0014;0,0350;0,7814;0,9249;0,7814;0,0162;1,1564;1,1564;0,0464;22,1971;27,6636;22,1971;10,4255;9,4076;7,1879;6,2796
0.03090052306652069;0.03090052306652069;0.06407630443572998;0,0073;0,0303;0,0296;0,0278;0,7887;0,8189;0,7887;0,0148;0,0467;0,0132;1,1564;22,6106;41,4998;22,6106;11,3364;11,7800;9,6204;8,5945
0.031205177307128906;0.031205177307128906;0.0649263858795166;0,0411;0,0392;0,0355;0,0360;0,7912;0,9263;0,7912;1,1564;0,0076;0,0425;0,0150;22,8562;22,8586;22,8562;14,0225;12,6047;11,2845;9,8870
0.03150053322315216;0.03150053322315216;0.07019221782684326;0,0444;0,0438;0,0406;0,0357;0,7972;0,7972;0,8509;1,1483;0,0570;0,0200;0,0198;22,8620;24,7983;22,8620;0,0326;6,2812;5,7387;4,7860
0.03240460157394409;0.03240460157394409;0.06456759572029114;0,0384;0,0376;0,0361;0,0056;0,8064;0,8064;0,8428;1,0265;1,0008;0,0427;0,9682;22,8719;34,7029;22,8719;6,4068;0,0121;0,0146;0,0197
0.03330552577972412;0.03330552577972412;0.07242923974990845;0,0315;0,0310;0,0306;0,0051;0,8209;0,9770;0,8209;1,1564;1,1564;0,0657;0,0101;26,6004;38,0300;26,6004;8,5806;9,6712;0,0406;6,9629
0.033600568771362305;0.033600568771362305;0.057956963777542114;0,0025;0,0387;0,0411;0,0064;0,8309;0,8309;0,8564;0,0066;0,0432;0,0020;0,0190;26,7945;32,9192;26,7945;8,0748;8,4590;7,3205;6,1950
0.03840065002441406;0.03840065002441406;0.0;0,0396;0,0386;0,0372;0,0363;0,8401;0,8401;1,0404;1,1564;1,1564;1,1564;1,1564;27,5218;37,4451;27,5218;16,9706;0,0255;13,0260;11,8692
0.04440736770629883;0.04440736770629883;0.08612599968910217;0,0498;0,0085;0,0089;0,0033;0,9626;1,0017;0,9626;1,1564;1,1564;0,0709;0,0147;28,6912;61,1135;28,6912;16,5675;15,8007;15,6305;13,6487
0.04980826377868652;0.04980826377868652;0.05721467733383179;0,0395;0,0382;0,0372;0,0369;1,1564;1,5253;1,1564;1,1564;1,1564;1,1564;1,1564;29,7833;38,0078;29,7833;8,7674;7,7870;6,9516;6,7031
